customer_id,observation_date,segment,tenure_months,monthly_charges,support_tickets,satisfaction_score,product_changes,churned
CUST-00001,2025-01-15,SMB,64,109.07,1,9.31,2,0
CUST-00001,2025-04-15,SMB,67,109.07,1,8.62,2,0
CUST-00001,2025-07-15,SMB,70,109.07,1,8.62,2,0
CUST-00001,2025-10-15,SMB,73,109.07,3,8.39,2,0
CUST-00002,2025-01-15,Consumer,5,66.88,1,6.43,2,0
CUST-00002,2025-04-15,Consumer,8,66.88,1,6.36,2,0
CUST-00002,2025-07-15,Consumer,11,66.88,2,6.21,2,0
CUST-00002,2025-10-15,Consumer,14,66.88,2,6.11,2,0
CUST-00003,2025-01-15,Enterprise,29,63.66,1,6.62,0,0
CUST-00003,2025-04-15,Enterprise,32,63.66,1,6.58,1,0
CUST-00003,2025-07-15,Enterprise,35,63.66,3,6.84,1,0
CUST-00003,2025-10-15,Enterprise,38,63.66,2,6.63,1,0
CUST-00004,2025-01-15,SMB,33,96.49,4,5.14,1,0
CUST-00004,2025-04-15,SMB,36,96.49,4,4.63,1,0
CUST-00004,2025-07-15,SMB,39,96.49,5,4.53,1,0
CUST-00004,2025-10-15,SMB,42,96.49,4,3.69,1,0
CUST-00005,2025-01-15,Consumer,58,109.71,8,5.65,3,0
CUST-00005,2025-04-15,Consumer,61,109.71,7,5.95,3,0
CUST-00005,2025-07-15,Consumer,64,109.71,7,5.63,3,0
CUST-00005,2025-10-15,Consumer,67,109.71,7,5.23,3,0
CUST-00006,2025-01-15,Enterprise,10,86.01,3,6.56,2,0
CUST-00006,2025-04-15,Enterprise,13,86.01,4,6.14,3,0
CUST-00006,2025-07-15,Enterprise,16,86.01,4,6.31,3,0
CUST-00006,2025-10-15,Enterprise,19,86.01,5,5.91,3,0
CUST-00007,2025-01-15,SMB,32,52.84,2,6.64,0,0
CUST-00007,2025-04-15,SMB,35,52.84,4,6.5,0,0
CUST-00007,2025-07-15,SMB,38,52.84,3,6.18,1,0
CUST-00007,2025-10-15,SMB,41,52.84,1,6.22,1,0
CUST-00008,2025-01-15,SMB,11,50.99,1,9.69,2,0
CUST-00008,2025-04-15,SMB,14,50.99,2,9.77,2,0
CUST-00008,2025-07-15,SMB,17,50.99,2,9.42,3,0
CUST-00008,2025-10-15,SMB,20,50.99,2,9.46,4,0
CUST-00009,2025-01-15,Consumer,57,49.32,1,7.78,2,0
CUST-00009,2025-04-15,Consumer,60,49.32,2,8.0,2,0
CUST-00009,2025-07-15,Consumer,63,49.32,3,8.11,2,0
CUST-00009,2025-10-15,Consumer,66,49.32,1,8.0,2,0
CUST-00010,2025-01-15,Consumer,46,40.81,3,5.52,1,1
CUST-00011,2025-01-15,Consumer,36,87.74,4,6.47,3,0
CUST-00011,2025-04-15,Consumer,39,87.74,5,5.89,3,0
CUST-00011,2025-07-15,Consumer,42,87.74,4,6.51,4,0
CUST-00011,2025-10-15,Consumer,45,87.74,4,5.84,4,0
CUST-00012,2025-01-15,Enterprise,29,113.13,3,9.01,1,0
CUST-00012,2025-04-15,Enterprise,32,113.13,2,9.15,1,0
CUST-00012,2025-07-15,Enterprise,35,113.13,2,9.3,1,0
CUST-00012,2025-10-15,Enterprise,38,113.13,4,9.11,1,0
CUST-00013,2025-01-15,SMB,12,84.66,6,9.0,4,0
CUST-00013,2025-04-15,SMB,15,84.66,5,9.39,4,0
CUST-00013,2025-07-15,SMB,18,84.66,4,8.96,5,0
CUST-00013,2025-10-15,SMB,21,84.66,5,8.65,5,0
CUST-00014,2025-01-15,SMB,67,28.49,0,7.69,1,0
CUST-00014,2025-04-15,SMB,70,28.49,0,7.69,2,0
CUST-00014,2025-07-15,SMB,73,28.49,1,7.72,3,0
CUST-00014,2025-10-15,SMB,76,28.49,0,7.18,4,0
CUST-00015,2025-01-15,Consumer,47,80.23,0,6.82,3,0
CUST-00015,2025-04-15,Consumer,50,80.23,1,6.99,3,0
CUST-00015,2025-07-15,Consumer,53,80.23,2,7.18,3,0
CUST-00015,2025-10-15,Consumer,56,80.23,1,6.85,3,0
CUST-00016,2025-01-15,Consumer,23,80.93,1,8.93,0,0
CUST-00016,2025-04-15,Consumer,26,80.93,1,8.63,0,0
CUST-00016,2025-07-15,Consumer,29,80.93,2,8.74,0,0
CUST-00016,2025-10-15,Consumer,32,80.93,1,7.74,0,0
CUST-00017,2025-01-15,SMB,30,137.4,4,6.47,0,0
CUST-00017,2025-04-15,SMB,33,137.4,3,6.44,0,0
CUST-00017,2025-07-15,SMB,36,137.4,5,5.99,0,0
CUST-00017,2025-10-15,SMB,39,137.4,6,5.33,1,0
CUST-00018,2025-01-15,Consumer,53,48.57,3,7.45,0,0
CUST-00018,2025-04-15,Consumer,56,48.57,3,7.32,1,1
CUST-00019,2025-01-15,SMB,52,75.23,1,9.91,1,0
CUST-00019,2025-04-15,SMB,55,75.23,1,10.0,1,0
CUST-00019,2025-07-15,SMB,58,75.23,0,10.0,2,0
CUST-00019,2025-10-15,SMB,61,75.23,3,10.0,2,0
CUST-00020,2025-01-15,SMB,34,127.65,0,7.23,4,0
CUST-00020,2025-04-15,SMB,37,127.65,0,7.4,4,0
CUST-00020,2025-07-15,SMB,40,127.65,1,7.01,4,0
CUST-00020,2025-10-15,SMB,43,127.65,1,6.66,4,0
CUST-00021,2025-01-15,SMB,22,96.25,0,6.52,2,0
CUST-00021,2025-04-15,SMB,25,96.25,2,6.62,2,0
CUST-00021,2025-07-15,SMB,28,96.25,0,7.22,2,0
CUST-00021,2025-10-15,SMB,31,96.25,1,6.95,2,0
CUST-00022,2025-01-15,Consumer,48,99.08,6,8.0,3,0
CUST-00022,2025-04-15,Consumer,51,99.08,4,8.61,3,0
CUST-00022,2025-07-15,Consumer,54,99.08,3,8.64,3,0
CUST-00022,2025-10-15,Consumer,57,99.08,4,8.66,3,0
CUST-00023,2025-01-15,Enterprise,48,87.86,2,7.14,3,0
CUST-00023,2025-04-15,Enterprise,51,87.86,0,6.73,3,0
CUST-00023,2025-07-15,Enterprise,54,87.86,0,6.48,3,0
CUST-00023,2025-10-15,Enterprise,57,87.86,2,6.0,3,0
CUST-00024,2025-01-15,Enterprise,44,93.25,2,4.3,0,0
CUST-00024,2025-04-15,Enterprise,47,93.25,1,4.86,0,0
CUST-00024,2025-07-15,Enterprise,50,93.25,3,4.31,0,0
CUST-00024,2025-10-15,Enterprise,53,93.25,3,3.86,0,0
CUST-00025,2025-01-15,SMB,6,104.44,5,8.38,1,0
CUST-00025,2025-04-15,SMB,9,104.44,5,8.33,1,0
CUST-00025,2025-07-15,SMB,12,104.44,6,8.28,1,0
CUST-00025,2025-10-15,SMB,15,104.44,6,8.11,1,0
CUST-00026,2025-01-15,Consumer,35,64.76,2,9.2,2,0
CUST-00026,2025-04-15,Consumer,38,64.76,0,9.13,2,0
CUST-00026,2025-07-15,Consumer,41,64.76,2,9.17,2,0
CUST-00026,2025-10-15,Consumer,44,64.76,0,8.36,2,0
CUST-00027,2025-01-15,Consumer,45,106.95,1,6.8,1,0
CUST-00027,2025-04-15,Consumer,48,106.95,2,6.63,2,0
CUST-00027,2025-07-15,Consumer,51,106.95,2,6.4,3,0
CUST-00027,2025-10-15,Consumer,54,106.95,1,6.34,4,0
CUST-00028,2025-01-15,Consumer,69,50.67,5,6.89,2,1
CUST-00029,2025-01-15,Consumer,38,93.21,4,5.76,0,0
CUST-00029,2025-04-15,Consumer,41,93.21,1,5.24,1,0
CUST-00029,2025-07-15,Consumer,44,93.21,3,5.14,1,0
CUST-00029,2025-10-15,Consumer,47,93.21,4,4.87,1,0
CUST-00030,2025-01-15,SMB,25,89.47,6,6.79,4,0
CUST-00030,2025-04-15,SMB,28,89.47,9,7.07,4,0
CUST-00030,2025-07-15,SMB,31,89.47,7,6.71,4,0
CUST-00030,2025-10-15,SMB,34,89.47,6,6.78,5,0
CUST-00031,2025-01-15,SMB,41,69.59,2,6.17,1,0
CUST-00031,2025-04-15,SMB,44,69.59,3,6.3,1,0
CUST-00031,2025-07-15,SMB,47,69.59,2,6.67,1,0
CUST-00031,2025-10-15,SMB,50,69.59,2,6.38,1,0
CUST-00032,2025-01-15,Enterprise,13,84.43,2,5.72,2,0
CUST-00032,2025-04-15,Enterprise,16,84.43,2,5.84,2,0
CUST-00032,2025-07-15,Enterprise,19,84.43,1,5.28,2,1
CUST-00033,2025-01-15,Consumer,7,69.44,3,9.9,3,0
CUST-00033,2025-04-15,Consumer,10,69.44,1,10.0,3,0
CUST-00033,2025-07-15,Consumer,13,69.44,1,10.0,3,0
CUST-00033,2025-10-15,Consumer,16,69.44,4,9.75,3,0
CUST-00034,2025-01-15,Consumer,49,58.21,5,7.93,0,0
CUST-00034,2025-04-15,Consumer,52,58.21,4,7.66,0,0
CUST-00034,2025-07-15,Consumer,55,58.21,5,7.87,0,0
CUST-00034,2025-10-15,Consumer,58,58.21,4,7.52,1,0
CUST-00035,2025-01-15,Consumer,72,76.16,2,7.46,0,0
CUST-00035,2025-04-15,Consumer,75,76.16,3,7.94,0,0
CUST-00035,2025-07-15,Consumer,78,76.16,1,6.9,0,0
CUST-00035,2025-10-15,Consumer,81,76.16,2,6.45,0,0
CUST-00036,2025-01-15,Consumer,61,57.4,4,8.53,1,0
CUST-00036,2025-04-15,Consumer,64,57.4,3,8.77,1,0
CUST-00036,2025-07-15,Consumer,67,57.4,3,8.43,1,0
CUST-00036,2025-10-15,Consumer,70,57.4,4,8.67,2,0
CUST-00037,2025-01-15,Consumer,43,93.07,10,8.49,1,0
CUST-00037,2025-04-15,Consumer,46,93.07,8,8.33,2,0
CUST-00037,2025-07-15,Consumer,49,93.07,9,8.14,2,0
CUST-00037,2025-10-15,Consumer,52,93.07,7,7.3,2,0
CUST-00038,2025-01-15,Consumer,3,56.25,4,6.51,2,0
CUST-00038,2025-04-15,Consumer,6,56.25,5,6.76,2,0
CUST-00038,2025-07-15,Consumer,9,56.25,6,6.86,2,0
CUST-00038,2025-10-15,Consumer,12,56.25,3,6.35,2,0
CUST-00039,2025-01-15,Consumer,72,102.8,1,7.42,4,0
CUST-00039,2025-04-15,Consumer,75,102.8,1,7.44,4,0
CUST-00039,2025-07-15,Consumer,78,102.8,1,7.38,4,0
CUST-00039,2025-10-15,Consumer,81,102.8,2,6.63,4,0
CUST-00040,2025-01-15,SMB,33,55.46,1,6.87,0,0
CUST-00040,2025-04-15,SMB,36,55.46,2,6.78,0,0
CUST-00040,2025-07-15,SMB,39,55.46,1,6.68,1,0
CUST-00040,2025-10-15,SMB,42,55.46,1,6.01,1,0
CUST-00041,2025-01-15,Consumer,21,70.84,2,7.47,0,0
CUST-00041,2025-04-15,Consumer,24,70.84,0,7.32,1,0
CUST-00041,2025-07-15,Consumer,27,70.84,3,7.14,1,0
CUST-00041,2025-10-15,Consumer,30,70.84,1,7.07,2,0
CUST-00042,2025-01-15,SMB,65,69.38,4,7.48,3,1
CUST-00043,2025-01-15,SMB,54,118.13,4,6.01,2,0
CUST-00043,2025-04-15,SMB,57,118.13,4,5.51,2,0
CUST-00043,2025-07-15,SMB,60,118.13,4,5.76,3,0
CUST-00043,2025-10-15,SMB,63,118.13,4,5.36,3,0
CUST-00044,2025-01-15,Consumer,54,93.26,4,5.36,1,0
CUST-00044,2025-04-15,Consumer,57,93.26,3,5.0,1,0
CUST-00044,2025-07-15,Consumer,60,93.26,3,4.86,1,0
CUST-00044,2025-10-15,Consumer,63,93.26,4,4.54,2,0
CUST-00045,2025-01-15,SMB,20,79.71,3,6.88,1,0
CUST-00045,2025-04-15,SMB,23,79.71,2,6.76,1,0
CUST-00045,2025-07-15,SMB,26,79.71,0,6.31,1,0
CUST-00045,2025-10-15,SMB,29,79.71,2,6.71,1,0
CUST-00046,2025-01-15,SMB,72,97.47,2,7.11,0,0
CUST-00046,2025-04-15,SMB,75,97.47,2,7.53,0,0
CUST-00046,2025-07-15,SMB,78,97.47,2,7.21,0,0
CUST-00046,2025-10-15,SMB,81,97.47,2,6.4,0,0
CUST-00047,2025-01-15,Consumer,33,32.32,5,4.67,2,0
CUST-00047,2025-04-15,Consumer,36,32.32,5,4.97,2,0
CUST-00047,2025-07-15,Consumer,39,32.32,5,5.11,2,0
CUST-00047,2025-10-15,Consumer,42,32.32,6,5.08,2,0
CUST-00048,2025-01-15,Consumer,39,83.92,5,7.82,2,0
CUST-00048,2025-04-15,Consumer,42,83.92,5,8.35,2,0
CUST-00048,2025-07-15,Consumer,45,83.92,6,8.26,2,0
CUST-00048,2025-10-15,Consumer,48,83.92,3,7.74,3,0
CUST-00049,2025-01-15,SMB,55,134.94,5,8.53,1,0
CUST-00049,2025-04-15,SMB,58,134.94,5,8.51,1,0
CUST-00049,2025-07-15,SMB,61,134.94,4,8.71,1,1
CUST-00050,2025-01-15,Consumer,48,88.31,3,10.0,1,0
CUST-00050,2025-04-15,Consumer,51,88.31,2,9.57,1,0
CUST-00050,2025-07-15,Consumer,54,88.31,4,9.22,1,0
CUST-00050,2025-10-15,Consumer,57,88.31,3,8.44,2,0
CUST-00051,2025-01-15,Consumer,13,86.7,2,6.87,0,0
CUST-00051,2025-04-15,Consumer,16,86.7,4,6.89,1,0
CUST-00051,2025-07-15,Consumer,19,86.7,4,6.94,2,0
CUST-00051,2025-10-15,Consumer,22,86.7,5,5.91,2,0
CUST-00052,2025-01-15,Consumer,22,98.7,2,5.75,0,0
CUST-00052,2025-04-15,Consumer,25,98.7,2,5.93,0,0
CUST-00052,2025-07-15,Consumer,28,98.7,1,5.83,0,0
CUST-00052,2025-10-15,Consumer,31,98.7,1,5.97,0,0
CUST-00053,2025-01-15,SMB,27,107.39,6,5.65,2,0
CUST-00053,2025-04-15,SMB,30,107.39,5,5.88,2,1
CUST-00054,2025-01-15,SMB,69,35.06,2,7.31,2,0
CUST-00054,2025-04-15,SMB,72,35.06,3,7.78,2,0
CUST-00054,2025-07-15,SMB,75,35.06,2,7.85,3,0
CUST-00054,2025-10-15,SMB,78,35.06,3,7.15,4,0
CUST-00055,2025-01-15,SMB,52,42.94,1,7.81,1,0
CUST-00055,2025-04-15,SMB,55,42.94,0,7.74,1,0
CUST-00055,2025-07-15,SMB,58,42.94,2,7.3,1,0
CUST-00055,2025-10-15,SMB,61,42.94,2,7.01,2,0
CUST-00056,2025-01-15,SMB,27,90.26,1,6.01,1,0
CUST-00056,2025-04-15,SMB,30,90.26,3,6.15,1,0
CUST-00056,2025-07-15,SMB,33,90.26,3,5.71,1,1
CUST-00057,2025-01-15,Consumer,53,67.13,2,6.7,2,0
CUST-00057,2025-04-15,Consumer,56,67.13,2,6.81,2,0
CUST-00057,2025-07-15,Consumer,59,67.13,2,6.41,3,0
CUST-00057,2025-10-15,Consumer,62,67.13,1,6.27,3,0
CUST-00058,2025-01-15,SMB,54,117.8,3,4.21,1,0
CUST-00058,2025-04-15,SMB,57,117.8,3,3.27,1,0
CUST-00058,2025-07-15,SMB,60,117.8,2,3.14,1,0
CUST-00058,2025-10-15,SMB,63,117.8,5,3.39,2,0
CUST-00059,2025-01-15,Consumer,29,77.12,4,8.61,4,0
CUST-00059,2025-04-15,Consumer,32,77.12,5,8.74,4,0
CUST-00059,2025-07-15,Consumer,35,77.12,2,9.08,4,0
CUST-00059,2025-10-15,Consumer,38,77.12,2,8.84,5,0
CUST-00060,2025-01-15,Consumer,30,36.64,1,6.15,3,0
CUST-00060,2025-04-15,Consumer,33,36.64,4,5.64,3,0
CUST-00060,2025-07-15,Consumer,36,36.64,3,5.93,3,0
CUST-00060,2025-10-15,Consumer,39,36.64,4,5.67,3,0
CUST-00061,2025-01-15,SMB,65,53.3,1,7.12,1,0
CUST-00061,2025-04-15,SMB,68,53.3,3,7.04,1,0
CUST-00061,2025-07-15,SMB,71,53.3,2,7.38,1,0
CUST-00061,2025-10-15,SMB,74,53.3,4,7.23,1,0
CUST-00062,2025-01-15,Consumer,41,25.0,2,4.5,1,0
CUST-00062,2025-04-15,Consumer,44,25.0,3,4.52,1,0
CUST-00062,2025-07-15,Consumer,47,25.0,3,4.22,1,0
CUST-00062,2025-10-15,Consumer,50,25.0,3,4.0,2,0
CUST-00063,2025-01-15,SMB,11,79.15,1,7.02,4,0
CUST-00063,2025-04-15,SMB,14,79.15,0,6.64,4,0
CUST-00063,2025-07-15,SMB,17,79.15,2,6.43,4,0
CUST-00063,2025-10-15,SMB,20,79.15,3,5.84,5,0
CUST-00064,2025-01-15,SMB,52,80.29,2,6.69,0,0
CUST-00064,2025-04-15,SMB,55,80.29,5,6.63,0,0
CUST-00064,2025-07-15,SMB,58,80.29,3,6.55,1,0
CUST-00064,2025-10-15,SMB,61,80.29,5,6.71,2,0
CUST-00065,2025-01-15,SMB,43,74.39,8,6.8,2,0
CUST-00065,2025-04-15,SMB,46,74.39,9,6.87,2,0
CUST-00065,2025-07-15,SMB,49,74.39,8,6.97,3,0
CUST-00065,2025-10-15,SMB,52,74.39,4,6.86,3,0
CUST-00066,2025-01-15,SMB,37,111.97,0,8.07,1,0
CUST-00066,2025-04-15,SMB,40,111.97,3,7.9,1,0
CUST-00066,2025-07-15,SMB,43,111.97,1,8.46,1,0
CUST-00066,2025-10-15,SMB,46,111.97,0,8.2,1,0
CUST-00067,2025-01-15,SMB,53,114.96,5,9.72,1,0
CUST-00067,2025-04-15,SMB,56,114.96,6,9.8,1,0
CUST-00067,2025-07-15,SMB,59,114.96,5,10.0,1,0
CUST-00067,2025-10-15,SMB,62,114.96,3,9.91,2,0
CUST-00068,2025-01-15,Consumer,66,80.74,3,8.43,1,0
CUST-00068,2025-04-15,Consumer,69,80.74,2,8.33,1,0
CUST-00068,2025-07-15,Consumer,72,80.74,3,8.95,1,0
CUST-00068,2025-10-15,Consumer,75,80.74,2,8.97,1,0
CUST-00069,2025-01-15,Consumer,24,31.63,3,8.58,1,0
CUST-00069,2025-04-15,Consumer,27,31.63,4,8.58,1,0
CUST-00069,2025-07-15,Consumer,30,31.63,4,8.84,1,0
CUST-00069,2025-10-15,Consumer,33,31.63,2,8.42,2,0
CUST-00070,2025-01-15,Consumer,31,100.43,1,9.42,1,0
CUST-00070,2025-04-15,Consumer,34,100.43,1,9.54,2,0
CUST-00070,2025-07-15,Consumer,37,100.43,1,8.8,2,0
CUST-00070,2025-10-15,Consumer,40,100.43,2,8.55,2,0
CUST-00071,2025-01-15,Consumer,14,98.88,1,7.92,0,0
CUST-00071,2025-04-15,Consumer,17,98.88,0,8.27,0,0
CUST-00071,2025-07-15,Consumer,20,98.88,2,7.94,0,0
CUST-00071,2025-10-15,Consumer,23,98.88,0,7.42,0,0
CUST-00072,2025-01-15,Consumer,47,92.73,1,6.77,2,0
CUST-00072,2025-04-15,Consumer,50,92.73,3,6.8,2,0
CUST-00072,2025-07-15,Consumer,53,92.73,1,6.86,2,0
CUST-00072,2025-10-15,Consumer,56,92.73,2,6.55,2,0
CUST-00073,2025-01-15,Enterprise,29,109.54,5,8.47,0,0
CUST-00073,2025-04-15,Enterprise,32,109.54,5,8.98,0,0
CUST-00073,2025-07-15,Enterprise,35,109.54,3,8.9,1,0
CUST-00073,2025-10-15,Enterprise,38,109.54,8,9.11,1,0
CUST-00074,2025-01-15,Consumer,25,55.88,0,8.89,3,0
CUST-00074,2025-04-15,Consumer,28,55.88,0,8.92,4,0
CUST-00074,2025-07-15,Consumer,31,55.88,0,9.15,4,0
CUST-00074,2025-10-15,Consumer,34,55.88,0,9.18,4,0
CUST-00075,2025-01-15,Consumer,51,135.22,7,8.18,2,0
CUST-00075,2025-04-15,Consumer,54,135.22,6,8.61,2,0
CUST-00075,2025-07-15,Consumer,57,135.22,4,8.79,2,0
CUST-00075,2025-10-15,Consumer,60,135.22,6,8.26,2,0
CUST-00076,2025-01-15,Consumer,30,61.01,4,4.9,1,0
CUST-00076,2025-04-15,Consumer,33,61.01,6,4.93,2,0
CUST-00076,2025-07-15,Consumer,36,61.01,5,4.59,3,0
CUST-00076,2025-10-15,Consumer,39,61.01,5,4.25,3,0
CUST-00077,2025-01-15,Consumer,34,103.73,2,5.87,1,0
CUST-00077,2025-04-15,Consumer,37,103.73,1,5.77,2,0
CUST-00077,2025-07-15,Consumer,40,103.73,1,6.22,2,0
CUST-00077,2025-10-15,Consumer,43,103.73,4,5.98,2,0
CUST-00078,2025-01-15,SMB,32,42.82,1,6.61,1,0
CUST-00078,2025-04-15,SMB,35,42.82,2,6.48,1,0
CUST-00078,2025-07-15,SMB,38,42.82,1,6.81,1,0
CUST-00078,2025-10-15,SMB,41,42.82,1,6.6,1,0
CUST-00079,2025-01-15,SMB,19,61.74,1,7.9,2,0
CUST-00079,2025-04-15,SMB,22,61.74,1,7.38,2,0
CUST-00079,2025-07-15,SMB,25,61.74,2,8.01,3,0
CUST-00079,2025-10-15,SMB,28,61.74,2,7.09,3,0
CUST-00080,2025-01-15,SMB,10,122.91,0,6.64,2,0
CUST-00080,2025-04-15,SMB,13,122.91,0,6.79,2,0
CUST-00080,2025-07-15,SMB,16,122.91,0,7.01,3,0
CUST-00080,2025-10-15,SMB,19,122.91,1,6.89,3,0
CUST-00081,2025-01-15,SMB,60,78.48,2,9.25,2,0
CUST-00081,2025-04-15,SMB,63,78.48,1,9.94,2,0
CUST-00081,2025-07-15,SMB,66,78.48,1,9.57,2,0
CUST-00081,2025-10-15,SMB,69,78.48,1,9.28,2,0
CUST-00082,2025-01-15,Consumer,7,106.0,2,8.89,1,0
CUST-00082,2025-04-15,Consumer,10,106.0,0,8.72,1,0
CUST-00082,2025-07-15,Consumer,13,106.0,0,8.24,1,0
CUST-00082,2025-10-15,Consumer,16,106.0,0,8.45,1,0
CUST-00083,2025-01-15,SMB,24,90.92,2,9.27,0,0
CUST-00083,2025-04-15,SMB,27,90.92,4,9.07,0,0
CUST-00083,2025-07-15,SMB,30,90.92,2,8.68,0,0
CUST-00083,2025-10-15,SMB,33,90.92,3,8.46,0,0
CUST-00084,2025-01-15,Consumer,49,82.38,4,9.2,2,0
CUST-00084,2025-04-15,Consumer,52,82.38,5,8.85,2,0
CUST-00084,2025-07-15,Consumer,55,82.38,3,8.87,2,0
CUST-00084,2025-10-15,Consumer,58,82.38,4,8.08,2,0
CUST-00085,2025-01-15,Consumer,10,119.1,4,5.71,1,0
CUST-00085,2025-04-15,Consumer,13,119.1,7,5.69,2,0
CUST-00085,2025-07-15,Consumer,16,119.1,6,5.73,2,0
CUST-00085,2025-10-15,Consumer,19,119.1,4,5.44,2,0
CUST-00086,2025-01-15,Consumer,48,79.08,5,8.11,0,0
CUST-00086,2025-04-15,Consumer,51,79.08,2,8.24,1,0
CUST-00086,2025-07-15,Consumer,54,79.08,3,8.81,2,0
CUST-00086,2025-10-15,Consumer,57,79.08,1,7.8,2,1
CUST-00087,2025-01-15,SMB,53,40.48,4,6.39,1,0
CUST-00087,2025-04-15,SMB,56,40.48,5,6.68,2,0
CUST-00087,2025-07-15,SMB,59,40.48,6,5.93,2,0
CUST-00087,2025-10-15,SMB,62,40.48,5,5.45,2,0
CUST-00088,2025-01-15,Consumer,48,64.92,3,3.97,1,0
CUST-00088,2025-04-15,Consumer,51,64.92,1,3.1,1,0
CUST-00088,2025-07-15,Consumer,54,64.92,1,2.98,1,0
CUST-00088,2025-10-15,Consumer,57,64.92,3,2.87,1,1
CUST-00089,2025-01-15,Consumer,22,98.78,2,6.93,1,0
CUST-00089,2025-04-15,Consumer,25,98.78,3,6.74,1,0
CUST-00089,2025-07-15,Consumer,28,98.78,3,7.07,2,0
CUST-00089,2025-10-15,Consumer,31,98.78,1,7.08,3,0
CUST-00090,2025-01-15,Consumer,2,94.89,2,9.29,2,0
CUST-00090,2025-04-15,Consumer,5,94.89,5,9.52,2,0
CUST-00090,2025-07-15,Consumer,8,94.89,2,9.67,2,0
CUST-00090,2025-10-15,Consumer,11,94.89,2,10.0,2,0
CUST-00091,2025-01-15,Consumer,64,45.82,0,7.86,3,0
CUST-00091,2025-04-15,Consumer,67,45.82,2,7.99,4,0
CUST-00091,2025-07-15,Consumer,70,45.82,0,7.81,4,0
CUST-00091,2025-10-15,Consumer,73,45.82,0,7.88,4,0
CUST-00092,2025-01-15,SMB,24,66.89,2,10.0,5,0
CUST-00092,2025-04-15,SMB,27,66.89,1,10.0,5,0
CUST-00092,2025-07-15,SMB,30,66.89,3,9.44,5,0
CUST-00092,2025-10-15,SMB,33,66.89,3,9.25,5,0
CUST-00093,2025-01-15,Consumer,58,70.46,5,6.5,2,0
CUST-00093,2025-04-15,Consumer,61,70.46,6,6.53,3,0
CUST-00093,2025-07-15,Consumer,64,70.46,4,6.21,3,1
CUST-00094,2025-01-15,Consumer,15,75.86,1,10.0,0,0
CUST-00094,2025-04-15,Consumer,18,75.86,4,9.94,0,0
CUST-00094,2025-07-15,Consumer,21,75.86,3,9.82,1,0
CUST-00094,2025-10-15,Consumer,24,75.86,3,9.82,1,0
CUST-00095,2025-01-15,Consumer,12,50.6,1,7.68,1,0
CUST-00095,2025-04-15,Consumer,15,50.6,2,8.12,2,0
CUST-00095,2025-07-15,Consumer,18,50.6,2,8.47,2,0
CUST-00095,2025-10-15,Consumer,21,50.6,1,8.15,2,0
CUST-00096,2025-01-15,SMB,57,69.29,2,6.88,4,0
CUST-00096,2025-04-15,SMB,60,69.29,1,7.14,5,0
CUST-00096,2025-07-15,SMB,63,69.29,1,6.57,5,0
CUST-00096,2025-10-15,SMB,66,69.29,1,5.29,5,0
CUST-00097,2025-01-15,Consumer,68,66.78,3,5.43,2,0
CUST-00097,2025-04-15,Consumer,71,66.78,6,5.53,2,0
CUST-00097,2025-07-15,Consumer,74,66.78,4,5.32,2,0
CUST-00097,2025-10-15,Consumer,77,66.78,5,4.93,2,0
CUST-00098,2025-01-15,Consumer,62,104.29,4,8.93,1,0
CUST-00098,2025-04-15,Consumer,65,104.29,1,8.68,1,0
CUST-00098,2025-07-15,Consumer,68,104.29,1,8.69,1,0
CUST-00098,2025-10-15,Consumer,71,104.29,2,7.82,2,0
CUST-00099,2025-01-15,Consumer,55,105.23,2,5.61,1,0
CUST-00099,2025-04-15,Consumer,58,105.23,2,5.1,2,0
CUST-00099,2025-07-15,Consumer,61,105.23,2,5.3,2,0
CUST-00099,2025-10-15,Consumer,64,105.23,3,4.76,2,0
CUST-00100,2025-01-15,Enterprise,18,81.35,0,6.26,3,0
CUST-00100,2025-04-15,Enterprise,21,81.35,2,5.89,3,0
CUST-00100,2025-07-15,Enterprise,24,81.35,3,5.48,3,0
CUST-00100,2025-10-15,Enterprise,27,81.35,3,5.02,4,0
CUST-00101,2025-01-15,Enterprise,66,75.2,0,9.27,0,0
CUST-00101,2025-04-15,Enterprise,69,75.2,2,9.32,0,0
CUST-00101,2025-07-15,Enterprise,72,75.2,0,8.62,0,0
CUST-00101,2025-10-15,Enterprise,75,75.2,2,8.83,0,0
CUST-00102,2025-01-15,SMB,49,88.5,1,7.94,0,0
CUST-00102,2025-04-15,SMB,52,88.5,2,8.32,1,0
CUST-00102,2025-07-15,SMB,55,88.5,2,8.53,1,0
CUST-00102,2025-10-15,SMB,58,88.5,3,7.87,2,0
CUST-00103,2025-01-15,Consumer,13,64.59,2,8.31,2,0
CUST-00103,2025-04-15,Consumer,16,64.59,3,8.6,2,0
CUST-00103,2025-07-15,Consumer,19,64.59,1,8.52,2,0
CUST-00103,2025-10-15,Consumer,22,64.59,1,8.41,3,0
CUST-00104,2025-01-15,Enterprise,10,56.33,0,6.57,0,0
CUST-00104,2025-04-15,Enterprise,13,56.33,1,6.84,0,0
CUST-00104,2025-07-15,Enterprise,16,56.33,0,6.89,0,0
CUST-00104,2025-10-15,Enterprise,19,56.33,0,6.42,0,0
CUST-00105,2025-01-15,SMB,63,61.49,2,6.54,1,0
CUST-00105,2025-04-15,SMB,66,61.49,1,6.54,2,1
CUST-00106,2025-01-15,SMB,20,69.13,1,7.46,2,0
CUST-00106,2025-04-15,SMB,23,69.13,4,7.41,3,0
CUST-00106,2025-07-15,SMB,26,69.13,1,6.84,4,0
CUST-00106,2025-10-15,SMB,29,69.13,2,6.43,4,0
CUST-00107,2025-01-15,Consumer,56,55.91,3,8.14,1,0
CUST-00107,2025-04-15,Consumer,59,55.91,5,8.23,1,0
CUST-00107,2025-07-15,Consumer,62,55.91,4,8.62,2,0
CUST-00107,2025-10-15,Consumer,65,55.91,4,8.85,2,0
CUST-00108,2025-01-15,Consumer,10,89.05,4,9.37,1,0
CUST-00108,2025-04-15,Consumer,13,89.05,3,9.39,1,0
CUST-00108,2025-07-15,Consumer,16,89.05,4,8.77,2,0
CUST-00108,2025-10-15,Consumer,19,89.05,5,8.54,3,0
CUST-00109,2025-01-15,Consumer,21,103.24,2,8.2,3,0
CUST-00109,2025-04-15,Consumer,24,103.24,3,8.57,3,0
CUST-00109,2025-07-15,Consumer,27,103.24,4,8.57,3,0
CUST-00109,2025-10-15,Consumer,30,103.24,4,8.66,3,0
CUST-00110,2025-01-15,Enterprise,21,45.32,1,10.0,2,0
CUST-00110,2025-04-15,Enterprise,24,45.32,3,10.0,2,0
CUST-00110,2025-07-15,Enterprise,27,45.32,2,9.76,3,0
CUST-00110,2025-10-15,Enterprise,30,45.32,3,9.37,4,0
CUST-00111,2025-01-15,Consumer,21,85.63,4,7.88,2,0
CUST-00111,2025-04-15,Consumer,24,85.63,3,7.5,2,0
CUST-00111,2025-07-15,Consumer,27,85.63,3,7.26,2,0
CUST-00111,2025-10-15,Consumer,30,85.63,3,6.76,2,0
CUST-00112,2025-01-15,Consumer,49,79.5,2,6.96,3,0
CUST-00112,2025-04-15,Consumer,52,79.5,1,7.09,4,0
CUST-00112,2025-07-15,Consumer,55,79.5,1,6.73,4,0
CUST-00112,2025-10-15,Consumer,58,79.5,1,6.7,5,0
CUST-00113,2025-01-15,Consumer,66,93.54,1,8.71,1,0
CUST-00113,2025-04-15,Consumer,69,93.54,1,8.22,2,0
CUST-00113,2025-07-15,Consumer,72,93.54,4,8.06,3,0
CUST-00113,2025-10-15,Consumer,75,93.54,2,7.41,3,0
CUST-00114,2025-01-15,SMB,66,84.68,4,9.88,2,0
CUST-00114,2025-04-15,SMB,69,84.68,2,10.0,2,0
CUST-00114,2025-07-15,SMB,72,84.68,2,10.0,2,0
CUST-00114,2025-10-15,SMB,75,84.68,1,9.55,3,0
CUST-00115,2025-01-15,Consumer,54,48.66,3,10.0,2,0
CUST-00115,2025-04-15,Consumer,57,48.66,4,10.0,2,0
CUST-00115,2025-07-15,Consumer,60,48.66,4,10.0,2,0
CUST-00115,2025-10-15,Consumer,63,48.66,3,9.67,2,0
CUST-00116,2025-01-15,Enterprise,15,53.44,2,8.52,0,0
CUST-00116,2025-04-15,Enterprise,18,53.44,3,8.39,0,0
CUST-00116,2025-07-15,Enterprise,21,53.44,1,8.62,1,0
CUST-00116,2025-10-15,Enterprise,24,53.44,3,8.2,1,0
CUST-00117,2025-01-15,SMB,70,85.74,3,6.97,2,0
CUST-00117,2025-04-15,SMB,73,85.74,6,7.57,2,0
CUST-00117,2025-07-15,SMB,76,85.74,3,7.16,2,0
CUST-00117,2025-10-15,SMB,79,85.74,4,6.54,3,0
CUST-00118,2025-01-15,SMB,40,110.72,4,6.58,4,0
CUST-00118,2025-04-15,SMB,43,110.72,1,6.42,4,0
CUST-00118,2025-07-15,SMB,46,110.72,1,6.81,4,0
CUST-00118,2025-10-15,SMB,49,110.72,2,6.17,5,0
CUST-00119,2025-01-15,Consumer,40,29.65,2,7.25,2,0
CUST-00119,2025-04-15,Consumer,43,29.65,1,7.64,3,0
CUST-00119,2025-07-15,Consumer,46,29.65,3,7.06,3,0
CUST-00119,2025-10-15,Consumer,49,29.65,3,6.16,3,0
CUST-00120,2025-01-15,SMB,51,93.64,2,9.5,0,0
CUST-00120,2025-04-15,SMB,54,93.64,2,9.4,0,0
CUST-00120,2025-07-15,SMB,57,93.64,2,9.56,0,0
CUST-00120,2025-10-15,SMB,60,93.64,0,8.63,0,0
CUST-00121,2025-01-15,SMB,56,114.74,4,7.96,0,0
CUST-00121,2025-04-15,SMB,59,114.74,4,8.13,0,0
CUST-00121,2025-07-15,SMB,62,114.74,5,8.56,0,0
CUST-00121,2025-10-15,SMB,65,114.74,6,8.61,0,0
CUST-00122,2025-01-15,SMB,69,81.17,2,8.16,0,0
CUST-00122,2025-04-15,SMB,72,81.17,2,8.36,0,0
CUST-00122,2025-07-15,SMB,75,81.17,1,8.88,0,0
CUST-00122,2025-10-15,SMB,78,81.17,1,8.94,0,0
CUST-00123,2025-01-15,Consumer,42,98.76,0,7.31,2,0
CUST-00123,2025-04-15,Consumer,45,98.76,1,7.09,2,0
CUST-00123,2025-07-15,Consumer,48,98.76,0,7.25,3,0
CUST-00123,2025-10-15,Consumer,51,98.76,0,7.14,3,0
CUST-00124,2025-01-15,Consumer,44,67.42,1,7.19,1,1
CUST-00125,2025-01-15,Consumer,54,82.02,5,6.93,0,0
CUST-00125,2025-04-15,Consumer,57,82.02,3,7.23,0,0
CUST-00125,2025-07-15,Consumer,60,82.02,2,6.86,0,0
CUST-00125,2025-10-15,Consumer,63,82.02,2,7.11,1,0
CUST-00126,2025-01-15,Consumer,19,44.48,3,7.24,1,0
CUST-00126,2025-04-15,Consumer,22,44.48,3,6.87,1,0
CUST-00126,2025-07-15,Consumer,25,44.48,2,7.23,1,0
CUST-00126,2025-10-15,Consumer,28,44.48,2,6.88,1,0
CUST-00127,2025-01-15,Consumer,23,26.39,1,9.64,1,0
CUST-00127,2025-04-15,Consumer,26,26.39,2,9.85,1,0
CUST-00127,2025-07-15,Consumer,29,26.39,2,9.86,1,0
CUST-00127,2025-10-15,Consumer,32,26.39,3,9.34,2,0
CUST-00128,2025-01-15,Consumer,46,108.57,0,7.22,0,0
CUST-00128,2025-04-15,Consumer,49,108.57,1,7.11,1,0
CUST-00128,2025-07-15,Consumer,52,108.57,3,6.43,1,0
CUST-00128,2025-10-15,Consumer,55,108.57,2,5.98,1,0
CUST-00129,2025-01-15,Consumer,5,60.38,7,6.7,0,0
CUST-00129,2025-04-15,Consumer,8,60.38,9,6.23,0,0
CUST-00129,2025-07-15,Consumer,11,60.38,7,5.99,0,0
CUST-00129,2025-10-15,Consumer,14,60.38,6,5.31,1,0
CUST-00130,2025-01-15,SMB,24,73.61,1,5.64,2,0
CUST-00130,2025-04-15,SMB,27,73.61,2,5.66,2,0
CUST-00130,2025-07-15,SMB,30,73.61,1,5.73,2,0
CUST-00130,2025-10-15,SMB,33,73.61,1,5.38,2,0
CUST-00131,2025-01-15,Consumer,52,50.34,1,8.21,1,0
CUST-00131,2025-04-15,Consumer,55,50.34,1,8.29,1,0
CUST-00131,2025-07-15,Consumer,58,50.34,1,8.21,2,0
CUST-00131,2025-10-15,Consumer,61,50.34,2,7.49,3,1
CUST-00132,2025-01-15,Enterprise,71,49.75,1,9.85,2,0
CUST-00132,2025-04-15,Enterprise,74,49.75,1,9.86,2,1
CUST-00133,2025-01-15,SMB,38,80.65,1,9.67,1,0
CUST-00133,2025-04-15,SMB,41,80.65,3,9.81,2,0
CUST-00133,2025-07-15,SMB,44,80.65,2,9.84,2,0
CUST-00133,2025-10-15,SMB,47,80.65,4,9.4,3,0
CUST-00134,2025-01-15,Consumer,29,66.76,4,7.65,2,0
CUST-00134,2025-04-15,Consumer,32,66.76,3,7.62,2,0
CUST-00134,2025-07-15,Consumer,35,66.76,6,7.18,2,0
CUST-00134,2025-10-15,Consumer,38,66.76,4,6.98,3,0
CUST-00135,2025-01-15,SMB,32,94.45,2,8.27,2,0
CUST-00135,2025-04-15,SMB,35,94.45,1,8.24,2,0
CUST-00135,2025-07-15,SMB,38,94.45,2,7.33,2,0
CUST-00135,2025-10-15,SMB,41,94.45,3,6.91,3,0
CUST-00136,2025-01-15,Consumer,50,96.31,2,7.26,3,0
CUST-00136,2025-04-15,Consumer,53,96.31,3,7.36,3,0
CUST-00136,2025-07-15,Consumer,56,96.31,1,7.09,3,0
CUST-00136,2025-10-15,Consumer,59,96.31,2,7.02,3,1
CUST-00137,2025-01-15,Enterprise,40,93.02,4,7.57,3,0
CUST-00137,2025-04-15,Enterprise,43,93.02,4,7.59,3,0
CUST-00137,2025-07-15,Enterprise,46,93.02,2,7.38,3,0
CUST-00137,2025-10-15,Enterprise,49,93.02,3,7.22,3,0
CUST-00138,2025-01-15,Consumer,2,90.97,2,8.04,1,0
CUST-00138,2025-04-15,Consumer,5,90.97,1,7.92,2,0
CUST-00138,2025-07-15,Consumer,8,90.97,1,7.94,2,0
CUST-00138,2025-10-15,Consumer,11,90.97,1,6.93,3,1
CUST-00139,2025-01-15,SMB,39,124.44,0,6.9,2,0
CUST-00139,2025-04-15,SMB,42,124.44,0,6.86,2,0
CUST-00139,2025-07-15,SMB,45,124.44,1,6.93,2,0
CUST-00139,2025-10-15,SMB,48,124.44,1,6.71,2,0
CUST-00140,2025-01-15,Consumer,29,58.31,7,6.77,0,0
CUST-00140,2025-04-15,Consumer,32,58.31,6,6.52,0,0
CUST-00140,2025-07-15,Consumer,35,58.31,4,7.01,1,0
CUST-00140,2025-10-15,Consumer,38,58.31,5,6.89,1,0
CUST-00141,2025-01-15,Consumer,51,83.63,2,8.07,3,0
CUST-00141,2025-04-15,Consumer,54,83.63,3,8.15,3,0
CUST-00141,2025-07-15,Consumer,57,83.63,2,7.86,3,0
CUST-00141,2025-10-15,Consumer,60,83.63,1,8.39,3,0
CUST-00142,2025-01-15,Consumer,64,113.32,3,6.83,1,0
CUST-00142,2025-04-15,Consumer,67,113.32,1,6.55,1,0
CUST-00142,2025-07-15,Consumer,70,113.32,2,6.67,1,0
CUST-00142,2025-10-15,Consumer,73,113.32,1,7.36,1,0
CUST-00143,2025-01-15,Enterprise,70,116.61,4,6.47,2,0
CUST-00143,2025-04-15,Enterprise,73,116.61,4,6.45,3,0
CUST-00143,2025-07-15,Enterprise,76,116.61,4,6.53,3,0
CUST-00143,2025-10-15,Enterprise,79,116.61,2,6.51,4,0
CUST-00144,2025-01-15,SMB,44,49.46,2,10.0,2,0
CUST-00144,2025-04-15,SMB,47,49.46,0,10.0,2,0
CUST-00144,2025-07-15,SMB,50,49.46,0,9.7,2,0
CUST-00144,2025-10-15,SMB,53,49.46,1,9.57,2,0
CUST-00145,2025-01-15,Consumer,27,77.19,3,10.0,1,0
CUST-00145,2025-04-15,Consumer,30,77.19,2,9.35,1,0
CUST-00145,2025-07-15,Consumer,33,77.19,3,9.31,1,0
CUST-00145,2025-10-15,Consumer,36,77.19,2,9.31,1,0
CUST-00146,2025-01-15,Consumer,32,118.95,1,5.46,0,0
CUST-00146,2025-04-15,Consumer,35,118.95,1,5.39,0,0
CUST-00146,2025-07-15,Consumer,38,118.95,3,5.42,0,0
CUST-00146,2025-10-15,Consumer,41,118.95,2,5.01,1,0
CUST-00147,2025-01-15,Consumer,13,97.7,3,5.58,2,0
CUST-00147,2025-04-15,Consumer,16,97.7,2,5.27,2,0
CUST-00147,2025-07-15,Consumer,19,97.7,1,5.05,2,0
CUST-00147,2025-10-15,Consumer,22,97.7,1,4.83,2,1
CUST-00148,2025-01-15,Consumer,68,89.88,5,5.85,2,0
CUST-00148,2025-04-15,Consumer,71,89.88,2,6.02,2,0
CUST-00148,2025-07-15,Consumer,74,89.88,3,5.7,2,0
CUST-00148,2025-10-15,Consumer,77,89.88,4,5.13,2,0
CUST-00149,2025-01-15,Consumer,62,79.56,3,6.51,1,0
CUST-00149,2025-04-15,Consumer,65,79.56,2,5.96,2,0
CUST-00149,2025-07-15,Consumer,68,79.56,3,5.6,2,0
CUST-00149,2025-10-15,Consumer,71,79.56,2,5.71,2,0
CUST-00150,2025-01-15,Consumer,62,75.4,7,8.88,0,0
CUST-00150,2025-04-15,Consumer,65,75.4,6,8.93,0,0
CUST-00150,2025-07-15,Consumer,68,75.4,6,9.14,0,0
CUST-00150,2025-10-15,Consumer,71,75.4,5,9.04,0,0
CUST-00151,2025-01-15,SMB,24,92.21,0,8.14,1,0
CUST-00151,2025-04-15,SMB,27,92.21,1,7.95,1,0
CUST-00151,2025-07-15,SMB,30,92.21,3,8.34,1,0
CUST-00151,2025-10-15,SMB,33,92.21,5,8.33,1,0
CUST-00152,2025-01-15,Enterprise,24,78.69,6,7.66,3,0
CUST-00152,2025-04-15,Enterprise,27,78.69,6,8.06,3,0
CUST-00152,2025-07-15,Enterprise,30,78.69,5,7.89,4,0
CUST-00152,2025-10-15,Enterprise,33,78.69,5,6.67,4,0
CUST-00153,2025-01-15,Consumer,62,83.94,1,8.68,1,0
CUST-00153,2025-04-15,Consumer,65,83.94,1,8.97,1,0
CUST-00153,2025-07-15,Consumer,68,83.94,1,9.14,1,0
CUST-00153,2025-10-15,Consumer,71,83.94,1,9.67,1,0
CUST-00154,2025-01-15,SMB,40,86.96,2,6.6,1,0
CUST-00154,2025-04-15,SMB,43,86.96,4,5.82,2,0
CUST-00154,2025-07-15,SMB,46,86.96,1,5.51,3,1
CUST-00155,2025-01-15,Consumer,51,68.05,3,6.63,1,0
CUST-00155,2025-04-15,Consumer,54,68.05,4,7.0,1,0
CUST-00155,2025-07-15,Consumer,57,68.05,3,6.28,1,0
CUST-00155,2025-10-15,Consumer,60,68.05,3,5.96,2,0
CUST-00156,2025-01-15,SMB,36,98.3,3,7.43,3,0
CUST-00156,2025-04-15,SMB,39,98.3,0,7.01,3,0
CUST-00156,2025-07-15,SMB,42,98.3,4,7.44,3,0
CUST-00156,2025-10-15,SMB,45,98.3,2,7.06,3,0
CUST-00157,2025-01-15,Consumer,32,157.86,1,5.19,3,0
CUST-00157,2025-04-15,Consumer,35,157.86,1,4.81,3,0
CUST-00157,2025-07-15,Consumer,38,157.86,1,4.68,4,0
CUST-00157,2025-10-15,Consumer,41,157.86,1,4.45,4,0
CUST-00158,2025-01-15,SMB,46,40.58,7,4.96,2,0
CUST-00158,2025-04-15,SMB,49,40.58,9,4.4,2,0
CUST-00158,2025-07-15,SMB,52,40.58,9,3.71,3,0
CUST-00158,2025-10-15,SMB,55,40.58,7,3.15,4,0
CUST-00159,2025-01-15,SMB,59,93.1,3,5.27,1,0
CUST-00159,2025-04-15,SMB,62,93.1,1,5.37,1,0
CUST-00159,2025-07-15,SMB,65,93.1,1,5.07,1,0
CUST-00159,2025-10-15,SMB,68,93.1,1,3.99,2,0
CUST-00160,2025-01-15,SMB,25,66.0,0,7.7,0,0
CUST-00160,2025-04-15,SMB,28,66.0,0,7.44,0,0
CUST-00160,2025-07-15,SMB,31,66.0,1,6.79,0,0
CUST-00160,2025-10-15,SMB,34,66.0,2,6.58,0,0
CUST-00161,2025-01-15,Consumer,59,99.44,5,7.59,2,0
CUST-00161,2025-04-15,Consumer,62,99.44,3,7.24,2,0
CUST-00161,2025-07-15,Consumer,65,99.44,3,6.89,3,0
CUST-00161,2025-10-15,Consumer,68,99.44,4,6.67,3,0
CUST-00162,2025-01-15,Enterprise,18,86.16,10,8.39,2,0
CUST-00162,2025-04-15,Enterprise,21,86.16,8,8.66,2,0
CUST-00162,2025-07-15,Enterprise,24,86.16,6,8.85,2,0
CUST-00162,2025-10-15,Enterprise,27,86.16,6,8.94,3,0
CUST-00163,2025-01-15,Consumer,30,104.05,1,3.96,1,0
CUST-00163,2025-04-15,Consumer,33,104.05,1,3.71,2,0
CUST-00163,2025-07-15,Consumer,36,104.05,1,3.94,2,0
CUST-00163,2025-10-15,Consumer,39,104.05,2,3.81,2,0
CUST-00164,2025-01-15,Consumer,66,114.39,2,4.29,1,1
CUST-00165,2025-01-15,SMB,69,89.81,0,8.84,1,0
CUST-00165,2025-04-15,SMB,72,89.81,1,8.8,1,0
CUST-00165,2025-07-15,SMB,75,89.81,1,9.28,1,0
CUST-00165,2025-10-15,SMB,78,89.81,0,9.3,1,0
CUST-00166,2025-01-15,Consumer,67,113.3,4,2.96,3,0
CUST-00166,2025-04-15,Consumer,70,113.3,6,3.15,3,1
CUST-00167,2025-01-15,SMB,23,26.39,3,9.43,0,0
CUST-00167,2025-04-15,SMB,26,26.39,2,9.74,1,0
CUST-00167,2025-07-15,SMB,29,26.39,3,9.82,2,0
CUST-00167,2025-10-15,SMB,32,26.39,3,9.57,2,0
CUST-00168,2025-01-15,SMB,61,124.76,5,4.42,1,0
CUST-00168,2025-04-15,SMB,64,124.76,1,4.35,2,0
CUST-00168,2025-07-15,SMB,67,124.76,3,4.33,2,0
CUST-00168,2025-10-15,SMB,70,124.76,4,4.48,2,0
CUST-00169,2025-01-15,Consumer,68,94.38,5,8.44,2,0
CUST-00169,2025-04-15,Consumer,71,94.38,5,8.65,2,0
CUST-00169,2025-07-15,Consumer,74,94.38,5,8.54,2,0
CUST-00169,2025-10-15,Consumer,77,94.38,6,8.18,3,0
CUST-00170,2025-01-15,Enterprise,71,111.95,3,5.31,2,0
CUST-00170,2025-04-15,Enterprise,74,111.95,3,5.45,2,0
CUST-00170,2025-07-15,Enterprise,77,111.95,4,5.95,2,0
CUST-00170,2025-10-15,Enterprise,80,111.95,4,6.17,2,0
CUST-00171,2025-01-15,Consumer,2,54.5,1,8.87,0,0
CUST-00171,2025-04-15,Consumer,5,54.5,2,9.67,0,0
CUST-00171,2025-07-15,Consumer,8,54.5,1,9.64,0,0
CUST-00171,2025-10-15,Consumer,11,54.5,2,9.83,1,0
CUST-00172,2025-01-15,Consumer,54,64.23,2,9.97,1,0
CUST-00172,2025-04-15,Consumer,57,64.23,3,10.0,1,0
CUST-00172,2025-07-15,Consumer,60,64.23,4,9.71,1,0
CUST-00172,2025-10-15,Consumer,63,64.23,1,8.89,1,0
CUST-00173,2025-01-15,Consumer,72,88.65,4,3.13,3,0
CUST-00173,2025-04-15,Consumer,75,88.65,3,3.1,4,0
CUST-00173,2025-07-15,Consumer,78,88.65,3,2.75,5,0
CUST-00173,2025-10-15,Consumer,81,88.65,4,2.7,5,0
CUST-00174,2025-01-15,Enterprise,56,84.57,3,7.55,2,0
CUST-00174,2025-04-15,Enterprise,59,84.57,6,7.28,2,0
CUST-00174,2025-07-15,Enterprise,62,84.57,4,7.82,2,0
CUST-00174,2025-10-15,Enterprise,65,84.57,5,8.04,2,0
CUST-00175,2025-01-15,Consumer,17,92.08,1,4.53,1,0
CUST-00175,2025-04-15,Consumer,20,92.08,2,4.93,2,0
CUST-00175,2025-07-15,Consumer,23,92.08,1,5.16,2,0
CUST-00175,2025-10-15,Consumer,26,92.08,1,4.57,2,0
CUST-00176,2025-01-15,Consumer,55,112.11,2,8.37,2,0
CUST-00176,2025-04-15,Consumer,58,112.11,1,8.0,2,0
CUST-00176,2025-07-15,Consumer,61,112.11,2,8.0,3,0
CUST-00176,2025-10-15,Consumer,64,112.11,3,7.68,3,0
CUST-00177,2025-01-15,Consumer,8,40.87,2,6.78,1,0
CUST-00177,2025-04-15,Consumer,11,40.87,3,6.64,2,0
CUST-00177,2025-07-15,Consumer,14,40.87,4,6.88,2,0
CUST-00177,2025-10-15,Consumer,17,40.87,3,6.55,2,0
CUST-00178,2025-01-15,Enterprise,35,109.35,1,6.78,2,0
CUST-00178,2025-04-15,Enterprise,38,109.35,0,7.13,3,0
CUST-00178,2025-07-15,Enterprise,41,109.35,1,6.51,4,0
CUST-00178,2025-10-15,Enterprise,44,109.35,1,5.82,4,0
CUST-00179,2025-01-15,Enterprise,46,85.21,6,6.29,1,0
CUST-00179,2025-04-15,Enterprise,49,85.21,4,6.43,2,0
CUST-00179,2025-07-15,Enterprise,52,85.21,6,6.72,2,0
CUST-00179,2025-10-15,Enterprise,55,85.21,2,6.61,3,0
CUST-00180,2025-01-15,SMB,33,79.91,1,8.38,0,0
CUST-00180,2025-04-15,SMB,36,79.91,0,8.33,0,0
CUST-00180,2025-07-15,SMB,39,79.91,0,8.7,0,0
CUST-00180,2025-10-15,SMB,42,79.91,0,7.84,0,0
CUST-00181,2025-01-15,Enterprise,51,48.22,3,4.68,0,0
CUST-00181,2025-04-15,Enterprise,54,48.22,2,4.27,0,0
CUST-00181,2025-07-15,Enterprise,57,48.22,3,4.26,0,0
CUST-00181,2025-10-15,Enterprise,60,48.22,4,4.88,1,0
CUST-00182,2025-01-15,Enterprise,18,97.58,0,8.81,0,0
CUST-00182,2025-04-15,Enterprise,21,97.58,1,9.18,1,0
CUST-00182,2025-07-15,Enterprise,24,97.58,1,8.81,2,0
CUST-00182,2025-10-15,Enterprise,27,97.58,2,8.6,2,0
CUST-00183,2025-01-15,Consumer,44,25.0,1,6.72,1,0
CUST-00183,2025-04-15,Consumer,47,25.0,0,6.15,1,0
CUST-00183,2025-07-15,Consumer,50,25.0,1,5.91,2,0
CUST-00183,2025-10-15,Consumer,53,25.0,2,5.93,2,0
CUST-00184,2025-01-15,Consumer,47,101.21,1,5.04,2,1
CUST-00185,2025-01-15,SMB,46,47.7,4,9.44,1,0
CUST-00185,2025-04-15,SMB,49,47.7,5,9.21,2,0
CUST-00185,2025-07-15,SMB,52,47.7,4,9.24,2,0
CUST-00185,2025-10-15,SMB,55,47.7,5,8.83,2,0
CUST-00186,2025-01-15,SMB,21,86.34,4,6.92,0,0
CUST-00186,2025-04-15,SMB,24,86.34,3,7.12,0,0
CUST-00186,2025-07-15,SMB,27,86.34,4,7.02,0,0
CUST-00186,2025-10-15,SMB,30,86.34,3,6.48,0,0
CUST-00187,2025-01-15,Consumer,22,82.02,0,10.0,1,0
CUST-00187,2025-04-15,Consumer,25,82.02,0,9.85,2,0
CUST-00187,2025-07-15,Consumer,28,82.02,2,9.34,2,0
CUST-00187,2025-10-15,Consumer,31,82.02,1,8.55,2,0
CUST-00188,2025-01-15,Consumer,19,114.24,6,9.0,2,0
CUST-00188,2025-04-15,Consumer,22,114.24,8,8.42,3,0
CUST-00188,2025-07-15,Consumer,25,114.24,5,8.76,3,0
CUST-00188,2025-10-15,Consumer,28,114.24,6,8.7,3,0
CUST-00189,2025-01-15,SMB,34,80.53,4,5.94,3,0
CUST-00189,2025-04-15,SMB,37,80.53,2,5.71,4,0
CUST-00189,2025-07-15,SMB,40,80.53,4,5.98,5,0
CUST-00189,2025-10-15,SMB,43,80.53,2,6.21,5,0
CUST-00190,2025-01-15,Consumer,43,67.65,3,7.08,0,0
CUST-00190,2025-04-15,Consumer,46,67.65,4,6.56,0,0
CUST-00190,2025-07-15,Consumer,49,67.65,2,6.18,1,0
CUST-00190,2025-10-15,Consumer,52,67.65,5,5.96,1,0
CUST-00191,2025-01-15,Enterprise,27,72.33,0,7.02,1,0
CUST-00191,2025-04-15,Enterprise,30,72.33,0,6.56,2,0
CUST-00191,2025-07-15,Enterprise,33,72.33,2,6.67,2,0
CUST-00191,2025-10-15,Enterprise,36,72.33,1,6.42,2,0
CUST-00192,2025-01-15,Consumer,30,116.82,0,9.36,3,0
CUST-00192,2025-04-15,Consumer,33,116.82,0,9.33,3,0
CUST-00192,2025-07-15,Consumer,36,116.82,0,9.67,3,0
CUST-00192,2025-10-15,Consumer,39,116.82,0,9.22,4,0
CUST-00193,2025-01-15,Consumer,21,98.41,3,7.76,3,0
CUST-00193,2025-04-15,Consumer,24,98.41,4,7.34,3,0
CUST-00193,2025-07-15,Consumer,27,98.41,1,7.34,3,0
CUST-00193,2025-10-15,Consumer,30,98.41,5,7.64,4,0
CUST-00194,2025-01-15,SMB,16,75.36,1,7.25,0,0
CUST-00194,2025-04-15,SMB,19,75.36,2,7.01,0,0
CUST-00194,2025-07-15,SMB,22,75.36,1,6.54,1,0
CUST-00194,2025-10-15,SMB,25,75.36,2,6.7,1,0
CUST-00195,2025-01-15,Consumer,48,79.09,5,6.28,0,0
CUST-00195,2025-04-15,Consumer,51,79.09,5,6.86,0,0
CUST-00195,2025-07-15,Consumer,54,79.09,4,6.81,0,0
CUST-00195,2025-10-15,Consumer,57,79.09,5,6.81,1,0
CUST-00196,2025-01-15,Consumer,59,45.82,0,7.0,2,0
CUST-00196,2025-04-15,Consumer,62,45.82,1,7.18,2,0
CUST-00196,2025-07-15,Consumer,65,45.82,1,6.74,2,0
CUST-00196,2025-10-15,Consumer,68,45.82,0,6.5,2,0
CUST-00197,2025-01-15,SMB,21,94.71,7,9.91,2,0
CUST-00197,2025-04-15,SMB,24,94.71,6,9.9,2,0
CUST-00197,2025-07-15,SMB,27,94.71,7,9.63,2,0
CUST-00197,2025-10-15,SMB,30,94.71,9,9.34,2,0
CUST-00198,2025-01-15,Enterprise,62,41.0,0,6.74,2,0
CUST-00198,2025-04-15,Enterprise,65,41.0,1,6.82,2,0
CUST-00198,2025-07-15,Enterprise,68,41.0,2,6.79,2,0
CUST-00198,2025-10-15,Enterprise,71,41.0,2,6.12,2,1
CUST-00199,2025-01-15,Consumer,42,103.79,2,7.04,0,0
CUST-00199,2025-04-15,Consumer,45,103.79,1,6.94,0,0
CUST-00199,2025-07-15,Consumer,48,103.79,2,6.85,1,0
CUST-00199,2025-10-15,Consumer,51,103.79,1,6.45,1,0
CUST-00200,2025-01-15,Consumer,13,88.22,5,6.18,2,0
CUST-00200,2025-04-15,Consumer,16,88.22,3,5.99,2,0
CUST-00200,2025-07-15,Consumer,19,88.22,3,6.13,2,0
CUST-00200,2025-10-15,Consumer,22,88.22,6,5.69,3,0
CUST-00201,2025-01-15,SMB,27,144.67,2,6.5,0,0
CUST-00201,2025-04-15,SMB,30,144.67,3,6.62,0,0
CUST-00201,2025-07-15,SMB,33,144.67,1,6.59,0,0
CUST-00201,2025-10-15,SMB,36,144.67,1,6.3,0,0
CUST-00202,2025-01-15,Enterprise,1,57.5,3,4.97,0,0
CUST-00202,2025-04-15,Enterprise,4,57.5,4,5.47,1,0
CUST-00202,2025-07-15,Enterprise,7,57.5,3,5.44,1,0
CUST-00202,2025-10-15,Enterprise,10,57.5,2,5.02,2,0
CUST-00203,2025-01-15,Consumer,3,82.43,5,6.17,1,0
CUST-00203,2025-04-15,Consumer,6,82.43,3,6.17,2,0
CUST-00203,2025-07-15,Consumer,9,82.43,5,5.88,2,0
CUST-00203,2025-10-15,Consumer,12,82.43,5,5.9,3,1
CUST-00204,2025-01-15,Consumer,25,129.96,2,8.8,1,0
CUST-00204,2025-04-15,Consumer,28,129.96,3,8.41,2,0
CUST-00204,2025-07-15,Consumer,31,129.96,2,8.67,2,0
CUST-00204,2025-10-15,Consumer,34,129.96,4,8.76,2,0
CUST-00205,2025-01-15,Consumer,33,114.78,4,6.63,0,0
CUST-00205,2025-04-15,Consumer,36,114.78,4,6.4,0,0
CUST-00205,2025-07-15,Consumer,39,114.78,3,6.21,0,1
CUST-00206,2025-01-15,Consumer,58,67.59,2,8.32,3,0
CUST-00206,2025-04-15,Consumer,61,67.59,1,8.03,4,0
CUST-00206,2025-07-15,Consumer,64,67.59,1,8.3,4,0
CUST-00206,2025-10-15,Consumer,67,67.59,0,8.0,4,0
CUST-00207,2025-01-15,Consumer,10,90.6,3,3.56,3,0
CUST-00207,2025-04-15,Consumer,13,90.6,2,3.76,3,0
CUST-00207,2025-07-15,Consumer,16,90.6,3,3.89,3,1
CUST-00208,2025-01-15,SMB,61,85.05,2,7.88,2,0
CUST-00208,2025-04-15,SMB,64,85.05,4,8.25,2,0
CUST-00208,2025-07-15,SMB,67,85.05,3,9.32,2,0
CUST-00208,2025-10-15,SMB,70,85.05,4,9.2,2,0
CUST-00209,2025-01-15,Consumer,17,92.05,4,7.08,1,0
CUST-00209,2025-04-15,Consumer,20,92.05,3,7.04,1,0
CUST-00209,2025-07-15,Consumer,23,92.05,3,6.94,2,0
CUST-00209,2025-10-15,Consumer,26,92.05,5,6.89,2,0
CUST-00210,2025-01-15,Consumer,10,67.53,3,6.62,1,0
CUST-00210,2025-04-15,Consumer,13,67.53,5,6.2,1,0
CUST-00210,2025-07-15,Consumer,16,67.53,5,6.22,1,0
CUST-00210,2025-10-15,Consumer,19,67.53,5,6.03,2,0
CUST-00211,2025-01-15,SMB,51,82.77,2,6.98,3,1
CUST-00212,2025-01-15,SMB,56,45.05,0,6.02,3,0
CUST-00212,2025-04-15,SMB,59,45.05,1,5.54,4,0
CUST-00212,2025-07-15,SMB,62,45.05,1,5.13,4,0
CUST-00212,2025-10-15,SMB,65,45.05,2,4.81,4,0
CUST-00213,2025-01-15,Consumer,44,88.38,2,4.41,3,0
CUST-00213,2025-04-15,Consumer,47,88.38,2,4.29,3,0
CUST-00213,2025-07-15,Consumer,50,88.38,2,4.1,3,0
CUST-00213,2025-10-15,Consumer,53,88.38,3,3.49,3,0
CUST-00214,2025-01-15,SMB,9,96.25,4,9.02,2,0
CUST-00214,2025-04-15,SMB,12,96.25,0,9.05,2,1
CUST-00215,2025-01-15,SMB,9,79.31,0,7.39,0,0
CUST-00215,2025-04-15,SMB,12,79.31,1,6.94,1,1
CUST-00216,2025-01-15,SMB,29,44.62,0,7.23,0,0
CUST-00216,2025-04-15,SMB,32,44.62,2,7.42,0,0
CUST-00216,2025-07-15,SMB,35,44.62,2,7.02,1,0
CUST-00216,2025-10-15,SMB,38,44.62,1,6.86,1,0
CUST-00217,2025-01-15,Consumer,33,109.71,4,5.33,0,0
CUST-00217,2025-04-15,Consumer,36,109.71,2,5.31,0,0
CUST-00217,2025-07-15,Consumer,39,109.71,2,5.43,0,0
CUST-00217,2025-10-15,Consumer,42,109.71,3,5.06,0,0
CUST-00218,2025-01-15,Consumer,72,94.11,4,5.56,3,0
CUST-00218,2025-04-15,Consumer,75,94.11,4,5.55,3,0
CUST-00218,2025-07-15,Consumer,78,94.11,4,5.44,4,0
CUST-00218,2025-10-15,Consumer,81,94.11,5,4.79,4,0
CUST-00219,2025-01-15,Enterprise,21,66.85,8,7.36,1,0
CUST-00219,2025-04-15,Enterprise,24,66.85,5,7.82,1,0
CUST-00219,2025-07-15,Enterprise,27,66.85,6,8.19,1,0
CUST-00219,2025-10-15,Enterprise,30,66.85,6,8.04,1,0
CUST-00220,2025-01-15,Consumer,14,77.98,2,9.82,3,0
CUST-00220,2025-04-15,Consumer,17,77.98,3,9.87,3,0
CUST-00220,2025-07-15,Consumer,20,77.98,5,10.0,3,0
CUST-00220,2025-10-15,Consumer,23,77.98,1,10.0,3,0
CUST-00221,2025-01-15,Consumer,69,47.48,1,7.73,2,0
CUST-00221,2025-04-15,Consumer,72,47.48,1,8.03,2,0
CUST-00221,2025-07-15,Consumer,75,47.48,0,8.3,2,0
CUST-00221,2025-10-15,Consumer,78,47.48,2,8.32,2,0
CUST-00222,2025-01-15,Consumer,12,59.36,1,5.12,0,0
CUST-00222,2025-04-15,Consumer,15,59.36,1,5.11,0,0
CUST-00222,2025-07-15,Consumer,18,59.36,2,5.01,0,0
CUST-00222,2025-10-15,Consumer,21,59.36,2,4.19,1,0
CUST-00223,2025-01-15,SMB,2,71.55,1,7.77,1,0
CUST-00223,2025-04-15,SMB,5,71.55,3,7.84,2,0
CUST-00223,2025-07-15,SMB,8,71.55,3,7.98,2,0
CUST-00223,2025-10-15,SMB,11,71.55,1,6.79,2,0
CUST-00224,2025-01-15,Enterprise,31,115.71,1,7.16,1,0
CUST-00224,2025-04-15,Enterprise,34,115.71,1,6.83,1,0
CUST-00224,2025-07-15,Enterprise,37,115.71,1,6.73,1,0
CUST-00224,2025-10-15,Enterprise,40,115.71,1,5.95,1,1
CUST-00225,2025-01-15,Consumer,29,69.01,4,8.29,4,0
CUST-00225,2025-04-15,Consumer,32,69.01,3,8.19,4,0
CUST-00225,2025-07-15,Consumer,35,69.01,3,7.96,4,0
CUST-00225,2025-10-15,Consumer,38,69.01,1,7.53,4,0
CUST-00226,2025-01-15,Enterprise,45,101.01,4,7.5,0,0
CUST-00226,2025-04-15,Enterprise,48,101.01,4,7.71,0,0
CUST-00226,2025-07-15,Enterprise,51,101.01,5,7.53,0,0
CUST-00226,2025-10-15,Enterprise,54,101.01,3,7.65,0,0
CUST-00227,2025-01-15,Consumer,64,71.54,1,3.28,2,0
CUST-00227,2025-04-15,Consumer,67,71.54,1,3.27,2,0
CUST-00227,2025-07-15,Consumer,70,71.54,1,3.15,2,0
CUST-00227,2025-10-15,Consumer,73,71.54,1,3.23,2,1
CUST-00228,2025-01-15,SMB,68,91.2,3,7.96,1,0
CUST-00228,2025-04-15,SMB,71,91.2,2,8.09,1,0
CUST-00228,2025-07-15,SMB,74,91.2,0,8.37,1,0
CUST-00228,2025-10-15,SMB,77,91.2,1,8.16,2,0
CUST-00229,2025-01-15,SMB,21,81.47,3,5.74,0,0
CUST-00229,2025-04-15,SMB,24,81.47,3,5.75,0,0
CUST-00229,2025-07-15,SMB,27,81.47,3,5.64,0,1
CUST-00230,2025-01-15,Consumer,71,106.83,1,5.09,2,0
CUST-00230,2025-04-15,Consumer,74,106.83,2,5.34,2,0
CUST-00230,2025-07-15,Consumer,77,106.83,1,5.01,2,0
CUST-00230,2025-10-15,Consumer,80,106.83,1,4.26,2,0
CUST-00231,2025-01-15,Consumer,46,71.63,1,7.62,3,0
CUST-00231,2025-04-15,Consumer,49,71.63,0,7.95,3,0
CUST-00231,2025-07-15,Consumer,52,71.63,0,8.14,3,0
CUST-00231,2025-10-15,Consumer,55,71.63,1,7.81,3,0
CUST-00232,2025-01-15,Consumer,6,45.69,2,8.11,1,0
CUST-00232,2025-04-15,Consumer,9,45.69,2,8.49,1,0
CUST-00232,2025-07-15,Consumer,12,45.69,0,8.41,1,0
CUST-00232,2025-10-15,Consumer,15,45.69,2,8.24,1,0
CUST-00233,2025-01-15,Enterprise,68,50.45,6,5.08,2,0
CUST-00233,2025-04-15,Enterprise,71,50.45,7,5.54,2,0
CUST-00233,2025-07-15,Enterprise,74,50.45,5,6.12,2,0
CUST-00233,2025-10-15,Enterprise,77,50.45,7,5.5,3,1
CUST-00234,2025-01-15,SMB,10,71.7,1,8.68,0,0
CUST-00234,2025-04-15,SMB,13,71.7,1,8.66,1,0
CUST-00234,2025-07-15,SMB,16,71.7,1,8.67,2,0
CUST-00234,2025-10-15,SMB,19,71.7,1,8.97,2,0
CUST-00235,2025-01-15,Enterprise,43,53.77,3,8.26,2,0
CUST-00235,2025-04-15,Enterprise,46,53.77,1,8.38,2,0
CUST-00235,2025-07-15,Enterprise,49,53.77,2,8.27,2,0
CUST-00235,2025-10-15,Enterprise,52,53.77,1,8.14,2,0
CUST-00236,2025-01-15,SMB,57,95.26,2,7.07,0,0
CUST-00236,2025-04-15,SMB,60,95.26,0,7.27,1,0
CUST-00236,2025-07-15,SMB,63,95.26,1,6.68,1,0
CUST-00236,2025-10-15,SMB,66,95.26,1,6.57,2,0
CUST-00237,2025-01-15,Consumer,18,73.36,5,5.94,0,0
CUST-00237,2025-04-15,Consumer,21,73.36,6,6.53,1,0
CUST-00237,2025-07-15,Consumer,24,73.36,6,6.82,2,0
CUST-00237,2025-10-15,Consumer,27,73.36,4,6.55,3,0
CUST-00238,2025-01-15,SMB,20,144.37,6,5.77,3,0
CUST-00238,2025-04-15,SMB,23,144.37,4,6.48,3,0
CUST-00238,2025-07-15,SMB,26,144.37,3,7.2,3,0
CUST-00238,2025-10-15,SMB,29,144.37,4,6.75,3,0
CUST-00239,2025-01-15,Consumer,35,41.56,0,8.86,1,0
CUST-00239,2025-04-15,Consumer,38,41.56,0,8.66,2,0
CUST-00239,2025-07-15,Consumer,41,41.56,0,9.5,2,0
CUST-00239,2025-10-15,Consumer,44,41.56,0,9.54,3,0
CUST-00240,2025-01-15,Consumer,64,90.09,4,4.89,1,1
CUST-00241,2025-01-15,SMB,17,56.8,1,8.64,1,0
CUST-00241,2025-04-15,SMB,20,56.8,3,8.39,1,0
CUST-00241,2025-07-15,SMB,23,56.8,2,8.17,1,0
CUST-00241,2025-10-15,SMB,26,56.8,3,8.63,1,0
CUST-00242,2025-01-15,SMB,48,72.66,3,7.22,0,0
CUST-00242,2025-04-15,SMB,51,72.66,2,7.18,0,0
CUST-00242,2025-07-15,SMB,54,72.66,2,7.64,0,0
CUST-00242,2025-10-15,SMB,57,72.66,2,7.98,0,0
CUST-00243,2025-01-15,Consumer,33,88.54,2,6.58,3,0
CUST-00243,2025-04-15,Consumer,36,88.54,2,6.6,3,0
CUST-00243,2025-07-15,Consumer,39,88.54,2,6.85,3,0
CUST-00243,2025-10-15,Consumer,42,88.54,0,7.27,3,0
CUST-00244,2025-01-15,Consumer,9,26.87,6,4.74,4,0
CUST-00244,2025-04-15,Consumer,12,26.87,6,4.19,4,0
CUST-00244,2025-07-15,Consumer,15,26.87,6,4.24,4,0
CUST-00244,2025-10-15,Consumer,18,26.87,5,3.31,5,0
CUST-00245,2025-01-15,SMB,52,90.92,0,7.21,1,0
CUST-00245,2025-04-15,SMB,55,90.92,1,7.41,1,0
CUST-00245,2025-07-15,SMB,58,90.92,0,7.5,1,0
CUST-00245,2025-10-15,SMB,61,90.92,2,7.73,1,0
CUST-00246,2025-01-15,Enterprise,60,132.57,3,7.64,0,0
CUST-00246,2025-04-15,Enterprise,63,132.57,1,7.58,0,0
CUST-00246,2025-07-15,Enterprise,66,132.57,1,7.27,1,0
CUST-00246,2025-10-15,Enterprise,69,132.57,2,6.94,1,0
CUST-00247,2025-01-15,SMB,42,73.66,5,5.1,0,0
CUST-00247,2025-04-15,SMB,45,73.66,4,5.13,0,0
CUST-00247,2025-07-15,SMB,48,73.66,5,5.29,0,0
CUST-00247,2025-10-15,SMB,51,73.66,6,5.28,0,0
CUST-00248,2025-01-15,Consumer,13,91.5,3,8.39,0,0
CUST-00248,2025-04-15,Consumer,16,91.5,2,8.47,0,0
CUST-00248,2025-07-15,Consumer,19,91.5,3,8.34,0,0
CUST-00248,2025-10-15,Consumer,22,91.5,2,8.63,0,0
CUST-00249,2025-01-15,Consumer,12,110.62,1,7.03,3,0
CUST-00249,2025-04-15,Consumer,15,110.62,1,6.91,3,0
CUST-00249,2025-07-15,Consumer,18,110.62,3,7.36,3,0
CUST-00249,2025-10-15,Consumer,21,110.62,3,7.38,3,0
CUST-00250,2025-01-15,Consumer,31,80.9,1,6.15,2,0
CUST-00250,2025-04-15,Consumer,34,80.9,4,5.99,2,0
CUST-00250,2025-07-15,Consumer,37,80.9,4,5.97,3,0
CUST-00250,2025-10-15,Consumer,40,80.9,3,6.05,4,0
CUST-00251,2025-01-15,SMB,37,70.48,3,8.65,2,0
CUST-00251,2025-04-15,SMB,40,70.48,2,8.33,2,0
CUST-00251,2025-07-15,SMB,43,70.48,0,8.46,3,0
CUST-00251,2025-10-15,SMB,46,70.48,1,8.85,3,1
CUST-00252,2025-01-15,Enterprise,40,28.11,2,4.52,2,0
CUST-00252,2025-04-15,Enterprise,43,28.11,3,4.39,2,0
CUST-00252,2025-07-15,Enterprise,46,28.11,1,4.61,2,0
CUST-00252,2025-10-15,Enterprise,49,28.11,2,4.34,2,0
CUST-00253,2025-01-15,Consumer,18,101.02,7,7.81,1,0
CUST-00253,2025-04-15,Consumer,21,101.02,6,7.86,2,0
CUST-00253,2025-07-15,Consumer,24,101.02,5,7.75,2,0
CUST-00253,2025-10-15,Consumer,27,101.02,5,7.36,2,0
CUST-00254,2025-01-15,Consumer,37,82.17,2,10.0,4,0
CUST-00254,2025-04-15,Consumer,40,82.17,2,9.98,4,0
CUST-00254,2025-07-15,Consumer,43,82.17,2,10.0,4,0
CUST-00254,2025-10-15,Consumer,46,82.17,4,9.41,4,0
CUST-00255,2025-01-15,Consumer,22,59.68,3,9.9,2,0
CUST-00255,2025-04-15,Consumer,25,59.68,3,9.79,2,0
CUST-00255,2025-07-15,Consumer,28,59.68,5,9.89,2,0
CUST-00255,2025-10-15,Consumer,31,59.68,6,9.61,3,0
CUST-00256,2025-01-15,SMB,50,88.16,1,8.01,2,0
CUST-00256,2025-04-15,SMB,53,88.16,0,8.04,3,0
CUST-00256,2025-07-15,SMB,56,88.16,2,7.9,3,0
CUST-00256,2025-10-15,SMB,59,88.16,4,7.23,3,0
CUST-00257,2025-01-15,SMB,58,70.41,4,6.85,2,0
CUST-00257,2025-04-15,SMB,61,70.41,1,6.85,2,0
CUST-00257,2025-07-15,SMB,64,70.41,2,6.4,2,0
CUST-00257,2025-10-15,SMB,67,70.41,3,5.7,2,0
CUST-00258,2025-01-15,Consumer,47,71.79,2,6.31,1,0
CUST-00258,2025-04-15,Consumer,50,71.79,2,5.97,2,0
CUST-00258,2025-07-15,Consumer,53,71.79,1,5.54,2,0
CUST-00258,2025-10-15,Consumer,56,71.79,1,5.51,2,0
CUST-00259,2025-01-15,Consumer,1,100.16,1,6.48,1,0
CUST-00259,2025-04-15,Consumer,4,100.16,2,5.94,2,0
CUST-00259,2025-07-15,Consumer,7,100.16,1,5.39,2,0
CUST-00259,2025-10-15,Consumer,10,100.16,4,5.61,2,0
CUST-00260,2025-01-15,SMB,72,51.54,6,7.22,2,0
CUST-00260,2025-04-15,SMB,75,51.54,6,7.29,2,1
CUST-00261,2025-01-15,Consumer,2,111.18,3,5.61,0,0
CUST-00261,2025-04-15,Consumer,5,111.18,1,5.89,1,0
CUST-00261,2025-07-15,Consumer,8,111.18,3,5.52,1,0
CUST-00261,2025-10-15,Consumer,11,111.18,2,5.41,1,0
CUST-00262,2025-01-15,SMB,72,50.06,3,8.32,0,0
CUST-00262,2025-04-15,SMB,75,50.06,3,8.03,0,0
CUST-00262,2025-07-15,SMB,78,50.06,0,8.49,0,0
CUST-00262,2025-10-15,SMB,81,50.06,4,7.98,0,0
CUST-00263,2025-01-15,Consumer,3,68.43,0,10.0,0,0
CUST-00263,2025-04-15,Consumer,6,68.43,0,9.78,0,0
CUST-00263,2025-07-15,Consumer,9,68.43,0,9.96,0,0
CUST-00263,2025-10-15,Consumer,12,68.43,0,9.36,1,0
CUST-00264,2025-01-15,Consumer,38,133.07,1,6.55,2,0
CUST-00264,2025-04-15,Consumer,41,133.07,1,6.32,2,0
CUST-00264,2025-07-15,Consumer,44,133.07,2,6.58,3,0
CUST-00264,2025-10-15,Consumer,47,133.07,0,6.2,4,0
CUST-00265,2025-01-15,Enterprise,8,113.18,3,4.81,0,0
CUST-00265,2025-04-15,Enterprise,11,113.18,2,4.91,0,0
CUST-00265,2025-07-15,Enterprise,14,113.18,2,5.12,1,0
CUST-00265,2025-10-15,Enterprise,17,113.18,2,4.64,2,0
CUST-00266,2025-01-15,Consumer,7,87.44,7,5.3,0,0
CUST-00266,2025-04-15,Consumer,10,87.44,5,5.18,0,0
CUST-00266,2025-07-15,Consumer,13,87.44,5,5.31,0,0
CUST-00266,2025-10-15,Consumer,16,87.44,5,5.12,0,0
CUST-00267,2025-01-15,Consumer,50,61.49,1,8.29,0,0
CUST-00267,2025-04-15,Consumer,53,61.49,0,7.81,0,0
CUST-00267,2025-07-15,Consumer,56,61.49,2,7.59,0,0
CUST-00267,2025-10-15,Consumer,59,61.49,1,6.91,0,0
CUST-00268,2025-01-15,Consumer,53,71.77,1,6.85,1,0
CUST-00268,2025-04-15,Consumer,56,71.77,1,6.6,1,1
CUST-00269,2025-01-15,Consumer,9,86.83,4,8.49,2,0
CUST-00269,2025-04-15,Consumer,12,86.83,4,8.43,3,0
CUST-00269,2025-07-15,Consumer,15,86.83,5,8.74,4,0
CUST-00269,2025-10-15,Consumer,18,86.83,5,8.69,5,0
CUST-00270,2025-01-15,Consumer,71,85.94,1,6.7,1,1
CUST-00271,2025-01-15,Consumer,24,82.73,3,8.49,0,0
CUST-00271,2025-04-15,Consumer,27,82.73,2,8.55,0,0
CUST-00271,2025-07-15,Consumer,30,82.73,0,8.52,1,0
CUST-00271,2025-10-15,Consumer,33,82.73,3,8.21,1,0
CUST-00272,2025-01-15,Consumer,23,84.23,0,6.09,2,0
CUST-00272,2025-04-15,Consumer,26,84.23,1,6.47,2,0
CUST-00272,2025-07-15,Consumer,29,84.23,0,6.83,2,0
CUST-00272,2025-10-15,Consumer,32,84.23,1,6.43,3,0
CUST-00273,2025-01-15,Consumer,22,79.64,2,5.83,3,0
CUST-00273,2025-04-15,Consumer,25,79.64,3,6.02,3,0
CUST-00273,2025-07-15,Consumer,28,79.64,2,6.22,4,0
CUST-00273,2025-10-15,Consumer,31,79.64,4,5.85,5,0
CUST-00274,2025-01-15,SMB,34,48.95,0,7.11,2,0
CUST-00274,2025-04-15,SMB,37,48.95,1,6.89,2,0
CUST-00274,2025-07-15,SMB,40,48.95,1,7.28,2,0
CUST-00274,2025-10-15,SMB,43,48.95,1,6.81,2,0
CUST-00275,2025-01-15,SMB,13,72.09,4,5.66,0,0
CUST-00275,2025-04-15,SMB,16,72.09,3,5.59,0,0
CUST-00275,2025-07-15,SMB,19,72.09,4,5.71,0,1
CUST-00276,2025-01-15,Consumer,31,107.87,4,10.0,1,0
CUST-00276,2025-04-15,Consumer,34,107.87,7,9.95,1,0
CUST-00276,2025-07-15,Consumer,37,107.87,2,10.0,1,0
CUST-00276,2025-10-15,Consumer,40,107.87,2,9.71,2,0
CUST-00277,2025-01-15,Consumer,16,50.79,0,7.23,3,0
CUST-00277,2025-04-15,Consumer,19,50.79,1,7.36,4,1
CUST-00278,2025-01-15,Consumer,4,80.26,0,7.73,0,0
CUST-00278,2025-04-15,Consumer,7,80.26,0,7.65,0,0
CUST-00278,2025-07-15,Consumer,10,80.26,1,7.62,0,0
CUST-00278,2025-10-15,Consumer,13,80.26,0,7.4,0,0
CUST-00279,2025-01-15,Enterprise,27,64.51,4,6.54,2,0
CUST-00279,2025-04-15,Enterprise,30,64.51,4,6.97,2,0
CUST-00279,2025-07-15,Enterprise,33,64.51,4,6.95,3,0
CUST-00279,2025-10-15,Enterprise,36,64.51,6,6.45,3,0
CUST-00280,2025-01-15,Enterprise,49,87.78,3,5.8,1,0
CUST-00280,2025-04-15,Enterprise,52,87.78,2,5.9,1,0
CUST-00280,2025-07-15,Enterprise,55,87.78,2,5.62,1,0
CUST-00280,2025-10-15,Enterprise,58,87.78,4,5.85,2,0
CUST-00281,2025-01-15,Consumer,55,75.28,4,7.19,2,0
CUST-00281,2025-04-15,Consumer,58,75.28,4,7.39,2,1
CUST-00282,2025-01-15,Consumer,26,121.93,4,9.38,0,0
CUST-00282,2025-04-15,Consumer,29,121.93,5,9.25,0,0
CUST-00282,2025-07-15,Consumer,32,121.93,2,8.83,0,0
CUST-00282,2025-10-15,Consumer,35,121.93,2,9.26,0,0
CUST-00283,2025-01-15,Consumer,24,97.66,2,6.65,1,0
CUST-00283,2025-04-15,Consumer,27,97.66,3,6.86,2,0
CUST-00283,2025-07-15,Consumer,30,97.66,3,7.08,3,0
CUST-00283,2025-10-15,Consumer,33,97.66,2,6.53,3,0
CUST-00284,2025-01-15,Consumer,57,52.2,8,5.89,1,0
CUST-00284,2025-04-15,Consumer,60,52.2,7,6.4,2,0
CUST-00284,2025-07-15,Consumer,63,52.2,7,5.76,2,0
CUST-00284,2025-10-15,Consumer,66,52.2,10,5.9,2,0
CUST-00285,2025-01-15,SMB,50,101.78,4,7.79,5,0
CUST-00285,2025-04-15,SMB,53,101.78,3,7.62,5,0
CUST-00285,2025-07-15,SMB,56,101.78,3,7.56,5,0
CUST-00285,2025-10-15,SMB,59,101.78,4,7.96,5,1
CUST-00286,2025-01-15,Consumer,60,65.63,2,7.82,2,0
CUST-00286,2025-04-15,Consumer,63,65.63,3,6.93,2,0
CUST-00286,2025-07-15,Consumer,66,65.63,1,7.52,3,0
CUST-00286,2025-10-15,Consumer,69,65.63,2,7.41,3,0
CUST-00287,2025-01-15,Consumer,66,70.58,2,10.0,3,0
CUST-00287,2025-04-15,Consumer,69,70.58,4,9.77,4,0
CUST-00287,2025-07-15,Consumer,72,70.58,1,10.0,4,0
CUST-00287,2025-10-15,Consumer,75,70.58,2,9.75,4,0
CUST-00288,2025-01-15,Consumer,60,92.85,5,6.87,0,0
CUST-00288,2025-04-15,Consumer,63,92.85,5,7.0,1,0
CUST-00288,2025-07-15,Consumer,66,92.85,4,7.21,1,0
CUST-00288,2025-10-15,Consumer,69,92.85,5,6.71,2,0
CUST-00289,2025-01-15,Consumer,68,72.71,1,7.87,1,0
CUST-00289,2025-04-15,Consumer,71,72.71,0,8.07,1,0
CUST-00289,2025-07-15,Consumer,74,72.71,2,8.61,1,0
CUST-00289,2025-10-15,Consumer,77,72.71,1,8.41,1,0
CUST-00290,2025-01-15,Consumer,30,107.32,6,7.59,1,0
CUST-00290,2025-04-15,Consumer,33,107.32,5,7.39,1,0
CUST-00290,2025-07-15,Consumer,36,107.32,6,7.53,1,0
CUST-00290,2025-10-15,Consumer,39,107.32,4,7.31,2,0
CUST-00291,2025-01-15,SMB,29,65.64,8,5.8,2,0
CUST-00291,2025-04-15,SMB,32,65.64,8,5.92,3,0
CUST-00291,2025-07-15,SMB,35,65.64,9,5.15,3,0
CUST-00291,2025-10-15,SMB,38,65.64,9,4.86,3,0
CUST-00292,2025-01-15,Consumer,24,69.53,5,5.4,0,0
CUST-00292,2025-04-15,Consumer,27,69.53,3,4.87,0,0
CUST-00292,2025-07-15,Consumer,30,69.53,3,5.55,0,0
CUST-00292,2025-10-15,Consumer,33,69.53,3,5.56,0,0
CUST-00293,2025-01-15,Enterprise,17,68.59,5,5.03,2,0
CUST-00293,2025-04-15,Enterprise,20,68.59,2,4.65,2,0
CUST-00293,2025-07-15,Enterprise,23,68.59,3,4.68,2,0
CUST-00293,2025-10-15,Enterprise,26,68.59,3,4.41,2,0
CUST-00294,2025-01-15,Consumer,54,70.86,5,5.17,2,0
CUST-00294,2025-04-15,Consumer,57,70.86,2,5.15,3,0
CUST-00294,2025-07-15,Consumer,60,70.86,3,5.41,3,0
CUST-00294,2025-10-15,Consumer,63,70.86,4,5.6,3,0
CUST-00295,2025-01-15,SMB,52,112.48,3,8.8,3,0
CUST-00295,2025-04-15,SMB,55,112.48,3,8.45,3,0
CUST-00295,2025-07-15,SMB,58,112.48,1,8.39,3,0
CUST-00295,2025-10-15,SMB,61,112.48,2,8.32,3,0
CUST-00296,2025-01-15,Enterprise,58,100.72,1,7.45,1,0
CUST-00296,2025-04-15,Enterprise,61,100.72,0,7.57,1,0
CUST-00296,2025-07-15,Enterprise,64,100.72,0,7.6,1,1
CUST-00297,2025-01-15,Enterprise,13,127.75,0,7.79,4,0
CUST-00297,2025-04-15,Enterprise,16,127.75,0,7.32,4,0
CUST-00297,2025-07-15,Enterprise,19,127.75,0,7.1,4,0
CUST-00297,2025-10-15,Enterprise,22,127.75,0,6.99,5,0
CUST-00298,2025-01-15,SMB,36,141.69,3,3.65,3,0
CUST-00298,2025-04-15,SMB,39,141.69,1,4.49,4,0
CUST-00298,2025-07-15,SMB,42,141.69,3,5.12,5,0
CUST-00298,2025-10-15,SMB,45,141.69,1,4.96,5,0
CUST-00299,2025-01-15,SMB,16,59.23,3,10.0,1,0
CUST-00299,2025-04-15,SMB,19,59.23,2,10.0,1,0
CUST-00299,2025-07-15,SMB,22,59.23,3,10.0,1,0
CUST-00299,2025-10-15,SMB,25,59.23,2,9.49,1,0
CUST-00300,2025-01-15,SMB,65,86.76,1,5.73,3,0
CUST-00300,2025-04-15,SMB,68,86.76,3,5.21,4,0
CUST-00300,2025-07-15,SMB,71,86.76,4,4.97,4,0
CUST-00300,2025-10-15,SMB,74,86.76,3,4.4,4,0
CUST-00301,2025-01-15,SMB,20,55.59,3,10.0,2,0
CUST-00301,2025-04-15,SMB,23,55.59,4,10.0,2,0
CUST-00301,2025-07-15,SMB,26,55.59,4,9.63,2,0
CUST-00301,2025-10-15,SMB,29,55.59,3,9.74,2,0
CUST-00302,2025-01-15,Consumer,11,65.56,5,4.75,3,0
CUST-00302,2025-04-15,Consumer,14,65.56,3,5.38,4,0
CUST-00302,2025-07-15,Consumer,17,65.56,4,5.06,4,0
CUST-00302,2025-10-15,Consumer,20,65.56,4,5.18,4,0
CUST-00303,2025-01-15,Consumer,42,69.25,4,6.2,2,0
CUST-00303,2025-04-15,Consumer,45,69.25,4,6.63,3,0
CUST-00303,2025-07-15,Consumer,48,69.25,3,6.4,3,0
CUST-00303,2025-10-15,Consumer,51,69.25,4,6.71,3,0
CUST-00304,2025-01-15,Consumer,64,58.57,6,3.46,0,1
CUST-00305,2025-01-15,Enterprise,66,58.7,5,7.62,2,0
CUST-00305,2025-04-15,Enterprise,69,58.7,5,7.68,2,0
CUST-00305,2025-07-15,Enterprise,72,58.7,4,7.84,2,0
CUST-00305,2025-10-15,Enterprise,75,58.7,4,7.12,2,0
CUST-00306,2025-01-15,Consumer,7,81.39,6,5.63,3,0
CUST-00306,2025-04-15,Consumer,10,81.39,7,5.89,3,0
CUST-00306,2025-07-15,Consumer,13,81.39,6,6.34,3,0
CUST-00306,2025-10-15,Consumer,16,81.39,4,6.62,3,0
CUST-00307,2025-01-15,Consumer,24,54.58,4,5.9,2,0
CUST-00307,2025-04-15,Consumer,27,54.58,2,6.16,2,0
CUST-00307,2025-07-15,Consumer,30,54.58,3,6.58,2,0
CUST-00307,2025-10-15,Consumer,33,54.58,2,6.31,2,0
CUST-00308,2025-01-15,SMB,12,106.05,4,4.73,2,0
CUST-00308,2025-04-15,SMB,15,106.05,5,4.76,2,0
CUST-00308,2025-07-15,SMB,18,106.05,5,4.57,3,0
CUST-00308,2025-10-15,SMB,21,106.05,4,5.28,4,0
CUST-00309,2025-01-15,Consumer,23,62.06,4,8.42,1,0
CUST-00309,2025-04-15,Consumer,26,62.06,4,8.23,2,0
CUST-00309,2025-07-15,Consumer,29,62.06,1,7.62,3,0
CUST-00309,2025-10-15,Consumer,32,62.06,2,7.48,3,0
CUST-00310,2025-01-15,Consumer,39,155.24,5,8.13,2,0
CUST-00310,2025-04-15,Consumer,42,155.24,6,8.44,2,0
CUST-00310,2025-07-15,Consumer,45,155.24,5,8.42,2,0
CUST-00310,2025-10-15,Consumer,48,155.24,7,7.84,2,0
CUST-00311,2025-01-15,Consumer,21,73.72,4,9.95,1,1
CUST-00312,2025-01-15,Consumer,5,86.8,1,5.98,2,0
CUST-00312,2025-04-15,Consumer,8,86.8,0,6.18,2,0
CUST-00312,2025-07-15,Consumer,11,86.8,2,6.64,2,0
CUST-00312,2025-10-15,Consumer,14,86.8,2,5.49,2,1
CUST-00313,2025-01-15,Consumer,37,52.62,1,7.6,2,0
CUST-00313,2025-04-15,Consumer,40,52.62,0,7.27,2,0
CUST-00313,2025-07-15,Consumer,43,52.62,0,7.05,3,0
CUST-00313,2025-10-15,Consumer,46,52.62,0,6.35,3,0
CUST-00314,2025-01-15,Consumer,4,127.65,7,5.69,0,0
CUST-00314,2025-04-15,Consumer,7,127.65,7,5.65,0,1
CUST-00315,2025-01-15,Consumer,17,112.99,3,7.08,1,0
CUST-00315,2025-04-15,Consumer,20,112.99,3,6.44,1,0
CUST-00315,2025-07-15,Consumer,23,112.99,3,6.59,2,0
CUST-00315,2025-10-15,Consumer,26,112.99,2,6.49,2,0
CUST-00316,2025-01-15,Consumer,1,92.42,3,6.2,2,0
CUST-00316,2025-04-15,Consumer,4,92.42,1,6.3,3,0
CUST-00316,2025-07-15,Consumer,7,92.42,1,6.28,3,0
CUST-00316,2025-10-15,Consumer,10,92.42,1,5.92,4,0
CUST-00317,2025-01-15,Consumer,7,51.33,1,7.85,2,0
CUST-00317,2025-04-15,Consumer,10,51.33,1,7.71,3,0
CUST-00317,2025-07-15,Consumer,13,51.33,1,7.99,4,0
CUST-00317,2025-10-15,Consumer,16,51.33,1,7.71,4,0
CUST-00318,2025-01-15,SMB,32,90.27,3,8.96,0,0
CUST-00318,2025-04-15,SMB,35,90.27,4,9.27,0,0
CUST-00318,2025-07-15,SMB,38,90.27,3,9.89,0,0
CUST-00318,2025-10-15,SMB,41,90.27,3,9.3,0,0
CUST-00319,2025-01-15,Consumer,62,56.96,4,8.81,3,0
CUST-00319,2025-04-15,Consumer,65,56.96,3,8.46,4,0
CUST-00319,2025-07-15,Consumer,68,56.96,0,8.53,4,0
CUST-00319,2025-10-15,Consumer,71,56.96,3,8.2,4,0
CUST-00320,2025-01-15,Enterprise,56,121.56,4,5.87,1,0
CUST-00320,2025-04-15,Enterprise,59,121.56,4,5.58,1,0
CUST-00320,2025-07-15,Enterprise,62,121.56,4,5.12,2,0
CUST-00320,2025-10-15,Enterprise,65,121.56,1,4.26,2,0
CUST-00321,2025-01-15,Enterprise,8,105.23,5,9.1,3,0
CUST-00321,2025-04-15,Enterprise,11,105.23,6,9.26,3,0
CUST-00321,2025-07-15,Enterprise,14,105.23,7,9.4,3,0
CUST-00321,2025-10-15,Enterprise,17,105.23,5,8.99,3,0
CUST-00322,2025-01-15,Consumer,3,87.39,1,6.9,2,0
CUST-00322,2025-04-15,Consumer,6,87.39,1,6.89,3,0
CUST-00322,2025-07-15,Consumer,9,87.39,1,7.55,4,0
CUST-00322,2025-10-15,Consumer,12,87.39,0,7.14,4,0
CUST-00323,2025-01-15,Consumer,25,25.0,3,6.97,3,0
CUST-00323,2025-04-15,Consumer,28,25.0,2,7.41,3,0
CUST-00323,2025-07-15,Consumer,31,25.0,3,7.03,4,0
CUST-00323,2025-10-15,Consumer,34,25.0,3,6.08,4,0
CUST-00324,2025-01-15,Consumer,47,60.41,2,6.17,3,0
CUST-00324,2025-04-15,Consumer,50,60.41,4,6.15,3,1
CUST-00325,2025-01-15,SMB,54,102.19,1,6.14,2,0
CUST-00325,2025-04-15,SMB,57,102.19,0,6.85,2,0
CUST-00325,2025-07-15,SMB,60,102.19,0,6.34,2,0
CUST-00325,2025-10-15,SMB,63,102.19,3,5.53,3,0
CUST-00326,2025-01-15,SMB,60,115.32,2,9.5,6,0
CUST-00326,2025-04-15,SMB,63,115.32,2,10.0,6,0
CUST-00326,2025-07-15,SMB,66,115.32,1,9.53,6,0
CUST-00326,2025-10-15,SMB,69,115.32,3,9.6,6,0
CUST-00327,2025-01-15,SMB,25,112.73,3,7.51,2,1
CUST-00328,2025-01-15,Consumer,13,45.2,2,7.65,2,0
CUST-00328,2025-04-15,Consumer,16,45.2,3,7.59,2,0
CUST-00328,2025-07-15,Consumer,19,45.2,1,7.21,2,0
CUST-00328,2025-10-15,Consumer,22,45.2,3,7.17,2,0
CUST-00329,2025-01-15,SMB,2,92.54,1,6.07,1,0
CUST-00329,2025-04-15,SMB,5,92.54,2,6.81,1,0
CUST-00329,2025-07-15,SMB,8,92.54,1,6.63,1,0
CUST-00329,2025-10-15,SMB,11,92.54,0,6.5,2,0
CUST-00330,2025-01-15,Consumer,11,110.39,1,9.39,0,0
CUST-00330,2025-04-15,Consumer,14,110.39,2,9.28,0,0
CUST-00330,2025-07-15,Consumer,17,110.39,2,8.78,0,0
CUST-00330,2025-10-15,Consumer,20,110.39,2,9.05,0,0
CUST-00331,2025-01-15,SMB,5,43.54,2,9.81,1,0
CUST-00331,2025-04-15,SMB,8,43.54,0,9.9,2,0
CUST-00331,2025-07-15,SMB,11,43.54,0,10.0,3,0
CUST-00331,2025-10-15,SMB,14,43.54,3,9.69,3,0
CUST-00332,2025-01-15,Consumer,62,84.8,2,6.09,0,0
CUST-00332,2025-04-15,Consumer,65,84.8,0,6.06,1,0
CUST-00332,2025-07-15,Consumer,68,84.8,0,6.09,1,0
CUST-00332,2025-10-15,Consumer,71,84.8,3,5.61,2,0
CUST-00333,2025-01-15,SMB,20,91.85,4,6.57,0,0
CUST-00333,2025-04-15,SMB,23,91.85,4,6.46,0,0
CUST-00333,2025-07-15,SMB,26,91.85,1,6.8,0,0
CUST-00333,2025-10-15,SMB,29,91.85,5,6.6,0,0
CUST-00334,2025-01-15,Enterprise,60,77.48,2,7.11,1,0
CUST-00334,2025-04-15,Enterprise,63,77.48,2,6.6,1,0
CUST-00334,2025-07-15,Enterprise,66,77.48,3,6.43,1,0
CUST-00334,2025-10-15,Enterprise,69,77.48,2,5.98,1,0
CUST-00335,2025-01-15,Consumer,40,38.7,3,7.28,1,0
CUST-00335,2025-04-15,Consumer,43,38.7,2,7.19,1,0
CUST-00335,2025-07-15,Consumer,46,38.7,0,7.27,2,0
CUST-00335,2025-10-15,Consumer,49,38.7,2,6.74,3,0
CUST-00336,2025-01-15,SMB,39,76.86,5,5.61,2,1
CUST-00337,2025-01-15,Consumer,33,76.82,3,7.57,1,0
CUST-00337,2025-04-15,Consumer,36,76.82,5,7.3,1,0
CUST-00337,2025-07-15,Consumer,39,76.82,1,7.15,1,0
CUST-00337,2025-10-15,Consumer,42,76.82,2,7.19,1,0
CUST-00338,2025-01-15,SMB,59,81.3,0,9.84,1,0
CUST-00338,2025-04-15,SMB,62,81.3,0,10.0,1,0
CUST-00338,2025-07-15,SMB,65,81.3,0,10.0,1,0
CUST-00338,2025-10-15,SMB,68,81.3,1,9.01,2,0
CUST-00339,2025-01-15,Consumer,4,70.91,3,4.83,1,1
CUST-00340,2025-01-15,Enterprise,7,73.92,4,5.55,2,1
CUST-00341,2025-01-15,Consumer,31,84.01,3,6.49,1,0
CUST-00341,2025-04-15,Consumer,34,84.01,2,6.51,2,0
CUST-00341,2025-07-15,Consumer,37,84.01,3,6.43,2,0
CUST-00341,2025-10-15,Consumer,40,84.01,2,6.49,3,0
CUST-00342,2025-01-15,Enterprise,29,96.06,2,6.48,2,0
CUST-00342,2025-04-15,Enterprise,32,96.06,0,6.5,2,0
CUST-00342,2025-07-15,Enterprise,35,96.06,0,6.26,3,1
CUST-00343,2025-01-15,SMB,40,77.39,2,9.92,1,0
CUST-00343,2025-04-15,SMB,43,77.39,0,9.67,1,0
CUST-00343,2025-07-15,SMB,46,77.39,0,9.83,1,0
CUST-00343,2025-10-15,SMB,49,77.39,2,9.5,2,0
CUST-00344,2025-01-15,SMB,54,74.76,2,8.34,0,0
CUST-00344,2025-04-15,SMB,57,74.76,3,8.29,1,0
CUST-00344,2025-07-15,SMB,60,74.76,3,8.16,1,0
CUST-00344,2025-10-15,SMB,63,74.76,3,7.83,2,0
CUST-00345,2025-01-15,SMB,43,87.31,1,8.8,4,0
CUST-00345,2025-04-15,SMB,46,87.31,0,9.03,4,0
CUST-00345,2025-07-15,SMB,49,87.31,0,9.0,5,0
CUST-00345,2025-10-15,SMB,52,87.31,0,9.24,5,0
CUST-00346,2025-01-15,SMB,19,36.98,0,6.8,0,0
CUST-00346,2025-04-15,SMB,22,36.98,0,6.69,0,0
CUST-00346,2025-07-15,SMB,25,36.98,0,6.86,0,0
CUST-00346,2025-10-15,SMB,28,36.98,0,6.98,0,0
CUST-00347,2025-01-15,Enterprise,24,96.93,3,6.53,1,0
CUST-00347,2025-04-15,Enterprise,27,96.93,3,6.5,1,0
CUST-00347,2025-07-15,Enterprise,30,96.93,2,6.2,1,0
CUST-00347,2025-10-15,Enterprise,33,96.93,4,5.21,2,0
CUST-00348,2025-01-15,Consumer,55,84.99,1,5.06,2,0
CUST-00348,2025-04-15,Consumer,58,84.99,3,4.68,2,0
CUST-00348,2025-07-15,Consumer,61,84.99,2,4.64,2,0
CUST-00348,2025-10-15,Consumer,64,84.99,4,4.33,2,0
CUST-00349,2025-01-15,SMB,15,85.99,0,8.17,1,0
CUST-00349,2025-04-15,SMB,18,85.99,0,9.22,1,0
CUST-00349,2025-07-15,SMB,21,85.99,1,9.22,1,0
CUST-00349,2025-10-15,SMB,24,85.99,1,9.14,1,0
CUST-00350,2025-01-15,Consumer,37,109.02,8,8.23,0,0
CUST-00350,2025-04-15,Consumer,40,109.02,8,8.15,0,0
CUST-00350,2025-07-15,Consumer,43,109.02,6,7.74,0,0
CUST-00350,2025-10-15,Consumer,46,109.02,8,7.14,0,0
CUST-00351,2025-01-15,SMB,39,36.18,5,9.36,1,0
CUST-00351,2025-04-15,SMB,42,36.18,5,9.11,1,0
CUST-00351,2025-07-15,SMB,45,36.18,7,9.32,1,0
CUST-00351,2025-10-15,SMB,48,36.18,7,9.21,1,0
CUST-00352,2025-01-15,Consumer,55,35.65,4,6.8,1,0
CUST-00352,2025-04-15,Consumer,58,35.65,3,6.25,1,0
CUST-00352,2025-07-15,Consumer,61,35.65,3,6.16,2,0
CUST-00352,2025-10-15,Consumer,64,35.65,6,5.85,2,0
CUST-00353,2025-01-15,SMB,52,91.85,7,7.29,2,0
CUST-00353,2025-04-15,SMB,55,91.85,7,7.21,2,0
CUST-00353,2025-07-15,SMB,58,91.85,7,7.17,3,0
CUST-00353,2025-10-15,SMB,61,91.85,5,7.2,3,0
CUST-00354,2025-01-15,SMB,34,84.82,4,6.98,3,0
CUST-00354,2025-04-15,SMB,37,84.82,5,7.15,3,0
CUST-00354,2025-07-15,SMB,40,84.82,2,6.63,3,0
CUST-00354,2025-10-15,SMB,43,84.82,5,6.68,3,1
CUST-00355,2025-01-15,Consumer,23,89.25,0,8.27,1,0
CUST-00355,2025-04-15,Consumer,26,89.25,3,8.11,1,0
CUST-00355,2025-07-15,Consumer,29,89.25,2,7.77,1,0
CUST-00355,2025-10-15,Consumer,32,89.25,0,7.19,1,0
CUST-00356,2025-01-15,Consumer,27,73.45,2,5.17,2,0
CUST-00356,2025-04-15,Consumer,30,73.45,4,5.2,2,1
CUST-00357,2025-01-15,SMB,30,101.61,3,8.52,3,0
CUST-00357,2025-04-15,SMB,33,101.61,4,8.86,3,0
CUST-00357,2025-07-15,SMB,36,101.61,3,8.91,3,0
CUST-00357,2025-10-15,SMB,39,101.61,2,8.32,3,0
CUST-00358,2025-01-15,SMB,16,108.32,2,7.19,2,0
CUST-00358,2025-04-15,SMB,19,108.32,1,6.51,2,0
CUST-00358,2025-07-15,SMB,22,108.32,0,6.29,3,0
CUST-00358,2025-10-15,SMB,25,108.32,0,6.74,3,0
CUST-00359,2025-01-15,Consumer,46,97.1,4,5.74,1,0
CUST-00359,2025-04-15,Consumer,49,97.1,2,6.12,2,0
CUST-00359,2025-07-15,Consumer,52,97.1,4,6.23,2,0
CUST-00359,2025-10-15,Consumer,55,97.1,1,6.02,2,0
CUST-00360,2025-01-15,SMB,16,78.48,4,3.68,2,0
CUST-00360,2025-04-15,SMB,19,78.48,3,3.49,2,0
CUST-00360,2025-07-15,SMB,22,78.48,3,3.42,2,0
CUST-00360,2025-10-15,SMB,25,78.48,3,3.15,2,0
CUST-00361,2025-01-15,Enterprise,47,32.31,5,7.05,3,0
CUST-00361,2025-04-15,Enterprise,50,32.31,2,7.75,3,0
CUST-00361,2025-07-15,Enterprise,53,32.31,4,8.37,4,0
CUST-00361,2025-10-15,Enterprise,56,32.31,3,7.9,5,0
CUST-00362,2025-01-15,Consumer,55,104.23,1,9.29,0,0
CUST-00362,2025-04-15,Consumer,58,104.23,0,9.06,0,0
CUST-00362,2025-07-15,Consumer,61,104.23,0,9.46,1,0
CUST-00362,2025-10-15,Consumer,64,104.23,3,9.11,1,0
CUST-00363,2025-01-15,Consumer,70,115.54,0,9.48,0,0
CUST-00363,2025-04-15,Consumer,73,115.54,1,9.63,0,0
CUST-00363,2025-07-15,Consumer,76,115.54,1,9.52,0,0
CUST-00363,2025-10-15,Consumer,79,115.54,1,9.35,0,1
CUST-00364,2025-01-15,Consumer,9,101.11,5,7.32,1,0
CUST-00364,2025-04-15,Consumer,12,101.11,5,7.13,1,0
CUST-00364,2025-07-15,Consumer,15,101.11,5,7.35,1,0
CUST-00364,2025-10-15,Consumer,18,101.11,3,7.43,1,0
CUST-00365,2025-01-15,SMB,55,63.01,6,10.0,2,0
CUST-00365,2025-04-15,SMB,58,63.01,9,10.0,3,0
CUST-00365,2025-07-15,SMB,61,63.01,8,9.62,3,0
CUST-00365,2025-10-15,SMB,64,63.01,7,9.16,4,1
CUST-00366,2025-01-15,Consumer,7,101.84,1,7.1,0,0
CUST-00366,2025-04-15,Consumer,10,101.84,1,7.5,0,0
CUST-00366,2025-07-15,Consumer,13,101.84,2,7.96,0,0
CUST-00366,2025-10-15,Consumer,16,101.84,1,8.32,0,0
CUST-00367,2025-01-15,SMB,25,106.51,7,7.95,1,0
CUST-00367,2025-04-15,SMB,28,106.51,6,8.15,1,0
CUST-00367,2025-07-15,SMB,31,106.51,6,7.8,1,0
CUST-00367,2025-10-15,SMB,34,106.51,7,7.68,1,0
CUST-00368,2025-01-15,SMB,13,123.97,2,6.67,2,0
CUST-00368,2025-04-15,SMB,16,123.97,3,6.36,3,0
CUST-00368,2025-07-15,SMB,19,123.97,1,6.59,3,0
CUST-00368,2025-10-15,SMB,22,123.97,3,6.62,3,0
CUST-00369,2025-01-15,Consumer,12,63.1,0,6.05,2,0
CUST-00369,2025-04-15,Consumer,15,63.1,1,5.98,2,0
CUST-00369,2025-07-15,Consumer,18,63.1,3,5.77,2,0
CUST-00369,2025-10-15,Consumer,21,63.1,1,5.35,3,0
CUST-00370,2025-01-15,Enterprise,13,79.34,1,6.23,1,0
CUST-00370,2025-04-15,Enterprise,16,79.34,2,6.29,1,0
CUST-00370,2025-07-15,Enterprise,19,79.34,2,5.75,1,0
CUST-00370,2025-10-15,Enterprise,22,79.34,4,5.52,1,0
CUST-00371,2025-01-15,SMB,4,103.68,5,4.34,0,0
CUST-00371,2025-04-15,SMB,7,103.68,3,4.28,0,1
CUST-00372,2025-01-15,Consumer,60,86.44,0,9.02,3,0
CUST-00372,2025-04-15,Consumer,63,86.44,0,9.01,3,0
CUST-00372,2025-07-15,Consumer,66,86.44,0,8.69,3,0
CUST-00372,2025-10-15,Consumer,69,86.44,0,8.49,4,0
CUST-00373,2025-01-15,Consumer,5,57.07,3,6.18,0,0
CUST-00373,2025-04-15,Consumer,8,57.07,0,6.3,0,1
CUST-00374,2025-01-15,Consumer,29,95.37,0,6.2,1,0
CUST-00374,2025-04-15,Consumer,32,95.37,1,6.28,1,0
CUST-00374,2025-07-15,Consumer,35,95.37,3,6.85,1,0
CUST-00374,2025-10-15,Consumer,38,95.37,2,6.33,2,0
CUST-00375,2025-01-15,Consumer,51,99.47,3,5.36,2,0
CUST-00375,2025-04-15,Consumer,54,99.47,4,4.81,2,0
CUST-00375,2025-07-15,Consumer,57,99.47,3,4.95,2,0
CUST-00375,2025-10-15,Consumer,60,99.47,3,4.84,2,0
CUST-00376,2025-01-15,Consumer,72,87.2,3,6.71,2,0
CUST-00376,2025-04-15,Consumer,75,87.2,2,6.64,2,0
CUST-00376,2025-07-15,Consumer,78,87.2,3,6.97,2,0
CUST-00376,2025-10-15,Consumer,81,87.2,2,6.65,2,0
CUST-00377,2025-01-15,Enterprise,62,90.49,2,10.0,2,0
CUST-00377,2025-04-15,Enterprise,65,90.49,0,9.97,2,0
CUST-00377,2025-07-15,Enterprise,68,90.49,1,10.0,3,0
CUST-00377,2025-10-15,Enterprise,71,90.49,2,9.51,3,0
CUST-00378,2025-01-15,Consumer,10,78.53,2,9.96,2,0
CUST-00378,2025-04-15,Consumer,13,78.53,2,10.0,2,0
CUST-00378,2025-07-15,Consumer,16,78.53,3,9.83,2,0
CUST-00378,2025-10-15,Consumer,19,78.53,0,9.92,2,0
CUST-00379,2025-01-15,Consumer,72,121.96,7,4.0,2,0
CUST-00379,2025-04-15,Consumer,75,121.96,3,4.0,2,0
CUST-00379,2025-07-15,Consumer,78,121.96,6,4.13,2,0
CUST-00379,2025-10-15,Consumer,81,121.96,7,4.12,2,0
CUST-00380,2025-01-15,SMB,48,62.48,0,6.17,1,0
CUST-00380,2025-04-15,SMB,51,62.48,0,6.31,1,0
CUST-00380,2025-07-15,SMB,54,62.48,1,6.12,2,0
CUST-00380,2025-10-15,SMB,57,62.48,2,5.87,2,0
CUST-00381,2025-01-15,SMB,13,70.32,4,5.51,1,0
CUST-00381,2025-04-15,SMB,16,70.32,4,5.62,1,0
CUST-00381,2025-07-15,SMB,19,70.32,4,5.42,1,0
CUST-00381,2025-10-15,SMB,22,70.32,3,5.06,1,0
CUST-00382,2025-01-15,Enterprise,33,85.27,5,8.78,3,0
CUST-00382,2025-04-15,Enterprise,36,85.27,3,8.65,3,0
CUST-00382,2025-07-15,Enterprise,39,85.27,5,9.18,4,0
CUST-00382,2025-10-15,Enterprise,42,85.27,4,9.57,4,0
CUST-00383,2025-01-15,SMB,67,106.97,4,7.83,0,0
CUST-00383,2025-04-15,SMB,70,106.97,0,7.62,0,0
CUST-00383,2025-07-15,SMB,73,106.97,2,7.83,0,0
CUST-00383,2025-10-15,SMB,76,106.97,2,7.93,0,0
CUST-00384,2025-01-15,Consumer,29,47.57,0,6.5,1,0
CUST-00384,2025-04-15,Consumer,32,47.57,2,5.98,1,1
CUST-00385,2025-01-15,Consumer,14,52.24,4,7.66,1,0
CUST-00385,2025-04-15,Consumer,17,52.24,7,7.67,2,0
CUST-00385,2025-07-15,Consumer,20,52.24,3,7.07,2,0
CUST-00385,2025-10-15,Consumer,23,52.24,4,6.06,3,0
CUST-00386,2025-01-15,Enterprise,64,34.06,3,6.38,3,0
CUST-00386,2025-04-15,Enterprise,67,34.06,7,5.76,4,0
CUST-00386,2025-07-15,Enterprise,70,34.06,7,5.96,5,0
CUST-00386,2025-10-15,Enterprise,73,34.06,4,5.08,6,0
CUST-00387,2025-01-15,SMB,69,85.82,2,9.74,2,0
CUST-00387,2025-04-15,SMB,72,85.82,2,9.43,2,1
CUST-00388,2025-01-15,Enterprise,71,57.04,0,8.11,0,0
CUST-00388,2025-04-15,Enterprise,74,57.04,5,7.9,1,0
CUST-00388,2025-07-15,Enterprise,77,57.04,5,7.73,1,0
CUST-00388,2025-10-15,Enterprise,80,57.04,4,7.9,2,0
CUST-00389,2025-01-15,Consumer,69,75.39,3,9.09,2,0
CUST-00389,2025-04-15,Consumer,72,75.39,2,9.55,2,0
CUST-00389,2025-07-15,Consumer,75,75.39,2,9.13,3,0
CUST-00389,2025-10-15,Consumer,78,75.39,2,9.07,4,0
CUST-00390,2025-01-15,Enterprise,63,101.53,2,3.59,2,0
CUST-00390,2025-04-15,Enterprise,66,101.53,2,3.25,3,0
CUST-00390,2025-07-15,Enterprise,69,101.53,1,3.32,3,0
CUST-00390,2025-10-15,Enterprise,72,101.53,3,2.7,3,0
CUST-00391,2025-01-15,SMB,33,68.96,2,6.97,3,0
CUST-00391,2025-04-15,SMB,36,68.96,5,6.61,3,0
CUST-00391,2025-07-15,SMB,39,68.96,4,6.92,4,0
CUST-00391,2025-10-15,SMB,42,68.96,3,6.58,5,0
CUST-00392,2025-01-15,Consumer,14,90.78,3,9.53,3,0
CUST-00392,2025-04-15,Consumer,17,90.78,4,9.71,4,0
CUST-00392,2025-07-15,Consumer,20,90.78,2,9.52,4,0
CUST-00392,2025-10-15,Consumer,23,90.78,3,8.99,4,0
CUST-00393,2025-01-15,SMB,45,77.52,1,8.93,0,0
CUST-00393,2025-04-15,SMB,48,77.52,1,8.83,0,0
CUST-00393,2025-07-15,SMB,51,77.52,2,9.09,0,0
CUST-00393,2025-10-15,SMB,54,77.52,2,8.83,0,0
CUST-00394,2025-01-15,SMB,16,101.8,1,3.89,1,0
CUST-00394,2025-04-15,SMB,19,101.8,3,3.88,1,0
CUST-00394,2025-07-15,SMB,22,101.8,1,4.31,2,0
CUST-00394,2025-10-15,SMB,25,101.8,1,4.22,2,0
CUST-00395,2025-01-15,Consumer,35,96.88,2,7.16,1,0
CUST-00395,2025-04-15,Consumer,38,96.88,2,8.02,1,0
CUST-00395,2025-07-15,Consumer,41,96.88,1,8.41,1,0
CUST-00395,2025-10-15,Consumer,44,96.88,3,8.56,1,0
CUST-00396,2025-01-15,Consumer,48,67.7,3,5.38,1,0
CUST-00396,2025-04-15,Consumer,51,67.7,2,6.07,2,0
CUST-00396,2025-07-15,Consumer,54,67.7,3,6.67,2,0
CUST-00396,2025-10-15,Consumer,57,67.7,2,6.34,3,0
CUST-00397,2025-01-15,SMB,69,80.78,6,9.96,2,0
CUST-00397,2025-04-15,SMB,72,80.78,6,9.77,2,0
CUST-00397,2025-07-15,SMB,75,80.78,6,9.68,2,0
CUST-00397,2025-10-15,SMB,78,80.78,8,9.91,3,0
CUST-00398,2025-01-15,Consumer,21,111.09,5,7.55,2,0
CUST-00398,2025-04-15,Consumer,24,111.09,4,7.59,3,0
CUST-00398,2025-07-15,Consumer,27,111.09,7,8.19,3,0
CUST-00398,2025-10-15,Consumer,30,111.09,4,7.61,3,0
CUST-00399,2025-01-15,Consumer,19,94.83,6,6.06,0,0
CUST-00399,2025-04-15,Consumer,22,94.83,3,6.05,1,0
CUST-00399,2025-07-15,Consumer,25,94.83,5,6.32,1,0
CUST-00399,2025-10-15,Consumer,28,94.83,7,5.55,1,0
CUST-00400,2025-01-15,Consumer,53,50.08,2,6.66,3,0
CUST-00400,2025-04-15,Consumer,56,50.08,0,7.78,3,0
CUST-00400,2025-07-15,Consumer,59,50.08,1,7.57,3,0
CUST-00400,2025-10-15,Consumer,62,50.08,2,7.0,3,0
CUST-00401,2025-01-15,Consumer,1,101.39,1,3.16,1,0
CUST-00401,2025-04-15,Consumer,4,101.39,3,3.82,2,0
CUST-00401,2025-07-15,Consumer,7,101.39,4,3.87,2,0
CUST-00401,2025-10-15,Consumer,10,101.39,2,3.55,2,1
CUST-00402,2025-01-15,Enterprise,41,57.88,4,5.46,0,0
CUST-00402,2025-04-15,Enterprise,44,57.88,6,5.2,1,1
CUST-00403,2025-01-15,SMB,54,120.31,3,7.55,1,0
CUST-00403,2025-04-15,SMB,57,120.31,5,7.38,1,0
CUST-00403,2025-07-15,SMB,60,120.31,5,7.7,2,0
CUST-00403,2025-10-15,SMB,63,120.31,5,6.94,3,0
CUST-00404,2025-01-15,Consumer,40,110.6,3,8.02,0,0
CUST-00404,2025-04-15,Consumer,43,110.6,0,8.23,0,0
CUST-00404,2025-07-15,Consumer,46,110.6,3,7.73,0,0
CUST-00404,2025-10-15,Consumer,49,110.6,4,7.73,1,0
CUST-00405,2025-01-15,Enterprise,28,92.25,5,3.96,1,0
CUST-00405,2025-04-15,Enterprise,31,92.25,4,3.9,1,0
CUST-00405,2025-07-15,Enterprise,34,92.25,5,3.44,1,0
CUST-00405,2025-10-15,Enterprise,37,92.25,3,3.22,1,0
CUST-00406,2025-01-15,Enterprise,60,88.93,4,6.72,0,0
CUST-00406,2025-04-15,Enterprise,63,88.93,1,6.62,0,0
CUST-00406,2025-07-15,Enterprise,66,88.93,3,6.33,0,0
CUST-00406,2025-10-15,Enterprise,69,88.93,2,5.61,0,0
CUST-00407,2025-01-15,Consumer,27,79.77,2,9.01,4,0
CUST-00407,2025-04-15,Consumer,30,79.77,3,8.75,4,0
CUST-00407,2025-07-15,Consumer,33,79.77,4,8.72,5,0
CUST-00407,2025-10-15,Consumer,36,79.77,4,8.38,6,0
CUST-00408,2025-01-15,SMB,52,101.96,4,5.05,2,0
CUST-00408,2025-04-15,SMB,55,101.96,5,5.28,3,0
CUST-00408,2025-07-15,SMB,58,101.96,3,4.9,3,0
CUST-00408,2025-10-15,SMB,61,101.96,1,4.68,3,0
CUST-00409,2025-01-15,Consumer,34,75.73,1,8.22,1,0
CUST-00409,2025-04-15,Consumer,37,75.73,1,8.34,1,0
CUST-00409,2025-07-15,Consumer,40,75.73,3,8.62,1,0
CUST-00409,2025-10-15,Consumer,43,75.73,1,8.44,2,0
CUST-00410,2025-01-15,Enterprise,2,90.89,3,7.46,0,0
CUST-00410,2025-04-15,Enterprise,5,90.89,2,7.81,0,0
CUST-00410,2025-07-15,Enterprise,8,90.89,4,7.62,0,0
CUST-00410,2025-10-15,Enterprise,11,90.89,4,7.27,0,0
CUST-00411,2025-01-15,SMB,39,106.8,2,9.7,4,0
CUST-00411,2025-04-15,SMB,42,106.8,3,9.86,5,0
CUST-00411,2025-07-15,SMB,45,106.8,2,9.69,5,0
CUST-00411,2025-10-15,SMB,48,106.8,2,9.77,6,0
CUST-00412,2025-01-15,SMB,4,70.95,0,7.17,0,0
CUST-00412,2025-04-15,SMB,7,70.95,0,7.1,0,0
CUST-00412,2025-07-15,SMB,10,70.95,1,6.59,0,0
CUST-00412,2025-10-15,SMB,13,70.95,1,5.61,0,0
CUST-00413,2025-01-15,Consumer,68,69.6,3,7.02,3,0
CUST-00413,2025-04-15,Consumer,71,69.6,0,6.87,3,0
CUST-00413,2025-07-15,Consumer,74,69.6,0,7.32,3,0
CUST-00413,2025-10-15,Consumer,77,69.6,3,7.0,3,0
CUST-00414,2025-01-15,Enterprise,44,55.14,2,8.38,0,0
CUST-00414,2025-04-15,Enterprise,47,55.14,3,8.15,0,0
CUST-00414,2025-07-15,Enterprise,50,55.14,4,8.34,1,0
CUST-00414,2025-10-15,Enterprise,53,55.14,4,8.82,1,0
CUST-00415,2025-01-15,Consumer,27,58.39,4,4.78,0,0
CUST-00415,2025-04-15,Consumer,30,58.39,1,4.9,0,0
CUST-00415,2025-07-15,Consumer,33,58.39,2,4.52,0,0
CUST-00415,2025-10-15,Consumer,36,58.39,3,4.14,0,0
CUST-00416,2025-01-15,Consumer,36,39.29,6,6.92,2,0
CUST-00416,2025-04-15,Consumer,39,39.29,3,7.22,2,0
CUST-00416,2025-07-15,Consumer,42,39.29,4,7.15,2,0
CUST-00416,2025-10-15,Consumer,45,39.29,3,7.09,2,0
CUST-00417,2025-01-15,Consumer,45,103.25,0,6.21,0,0
CUST-00417,2025-04-15,Consumer,48,103.25,2,5.64,0,0
CUST-00417,2025-07-15,Consumer,51,103.25,1,5.42,0,0
CUST-00417,2025-10-15,Consumer,54,103.25,2,5.24,0,0
CUST-00418,2025-01-15,SMB,19,130.22,4,6.77,0,0
CUST-00418,2025-04-15,SMB,22,130.22,3,6.66,1,0
CUST-00418,2025-07-15,SMB,25,130.22,3,6.55,1,0
CUST-00418,2025-10-15,SMB,28,130.22,3,6.26,1,0
CUST-00419,2025-01-15,Consumer,21,120.63,2,9.13,0,0
CUST-00419,2025-04-15,Consumer,24,120.63,1,8.67,1,0
CUST-00419,2025-07-15,Consumer,27,120.63,2,8.66,2,0
CUST-00419,2025-10-15,Consumer,30,120.63,1,8.85,2,0
CUST-00420,2025-01-15,Enterprise,31,44.35,2,8.08,1,0
CUST-00420,2025-04-15,Enterprise,34,44.35,2,7.88,1,0
CUST-00420,2025-07-15,Enterprise,37,44.35,1,7.89,1,0
CUST-00420,2025-10-15,Enterprise,40,44.35,2,7.81,2,1
CUST-00421,2025-01-15,SMB,19,103.12,2,5.7,4,0
CUST-00421,2025-04-15,SMB,22,103.12,2,5.63,5,0
CUST-00421,2025-07-15,SMB,25,103.12,1,6.71,5,0
CUST-00421,2025-10-15,SMB,28,103.12,2,7.04,5,0
CUST-00422,2025-01-15,Consumer,55,120.55,2,8.3,1,0
CUST-00422,2025-04-15,Consumer,58,120.55,2,7.85,1,0
CUST-00422,2025-07-15,Consumer,61,120.55,0,7.55,1,0
CUST-00422,2025-10-15,Consumer,64,120.55,0,7.11,1,0
CUST-00423,2025-01-15,Consumer,8,73.58,3,9.44,2,0
CUST-00423,2025-04-15,Consumer,11,73.58,2,9.19,2,0
CUST-00423,2025-07-15,Consumer,14,73.58,0,9.92,2,0
CUST-00423,2025-10-15,Consumer,17,73.58,3,9.17,3,0
CUST-00424,2025-01-15,Consumer,60,87.54,3,6.1,1,0
CUST-00424,2025-04-15,Consumer,63,87.54,1,6.08,1,0
CUST-00424,2025-07-15,Consumer,66,87.54,3,5.6,1,0
CUST-00424,2025-10-15,Consumer,69,87.54,6,5.45,1,0
CUST-00425,2025-01-15,SMB,26,34.8,1,7.76,1,1
CUST-00426,2025-01-15,SMB,41,91.67,0,6.81,0,0
CUST-00426,2025-04-15,SMB,44,91.67,0,6.95,0,0
CUST-00426,2025-07-15,SMB,47,91.67,0,6.86,0,0
CUST-00426,2025-10-15,SMB,50,91.67,2,6.27,0,0
CUST-00427,2025-01-15,Consumer,12,58.41,1,7.32,3,0
CUST-00427,2025-04-15,Consumer,15,58.41,0,8.05,4,0
CUST-00427,2025-07-15,Consumer,18,58.41,2,8.33,5,0
CUST-00427,2025-10-15,Consumer,21,58.41,3,8.46,6,0
CUST-00428,2025-01-15,SMB,28,89.99,3,4.62,1,0
CUST-00428,2025-04-15,SMB,31,89.99,5,4.29,2,0
CUST-00428,2025-07-15,SMB,34,89.99,3,4.13,2,0
CUST-00428,2025-10-15,SMB,37,89.99,4,3.26,2,0
CUST-00429,2025-01-15,Consumer,55,45.97,0,9.16,0,0
CUST-00429,2025-04-15,Consumer,58,45.97,3,9.34,1,0
CUST-00429,2025-07-15,Consumer,61,45.97,1,9.15,1,0
CUST-00429,2025-10-15,Consumer,64,45.97,1,9.04,2,0
CUST-00430,2025-01-15,SMB,20,98.57,4,6.41,1,0
CUST-00430,2025-04-15,SMB,23,98.57,4,6.79,1,0
CUST-00430,2025-07-15,SMB,26,98.57,6,6.72,1,0
CUST-00430,2025-10-15,SMB,29,98.57,4,6.08,1,0
CUST-00431,2025-01-15,Enterprise,10,110.61,0,8.73,1,0
CUST-00431,2025-04-15,Enterprise,13,110.61,1,8.37,2,0
CUST-00431,2025-07-15,Enterprise,16,110.61,0,8.34,2,0
CUST-00431,2025-10-15,Enterprise,19,110.61,0,8.16,2,0
CUST-00432,2025-01-15,SMB,38,65.42,3,5.9,1,0
CUST-00432,2025-04-15,SMB,41,65.42,2,5.97,2,0
CUST-00432,2025-07-15,SMB,44,65.42,2,6.04,3,0
CUST-00432,2025-10-15,SMB,47,65.42,2,6.29,4,0
CUST-00433,2025-01-15,SMB,12,56.58,0,6.27,2,0
CUST-00433,2025-04-15,SMB,15,56.58,0,6.27,2,0
CUST-00433,2025-07-15,SMB,18,56.58,0,6.38,2,1
CUST-00434,2025-01-15,SMB,23,31.1,1,8.77,3,0
CUST-00434,2025-04-15,SMB,26,31.1,2,9.08,3,0
CUST-00434,2025-07-15,SMB,29,31.1,1,9.35,3,0
CUST-00434,2025-10-15,SMB,32,31.1,4,9.15,3,0
CUST-00435,2025-01-15,Consumer,33,78.34,1,8.79,2,0
CUST-00435,2025-04-15,Consumer,36,78.34,1,8.48,3,0
CUST-00435,2025-07-15,Consumer,39,78.34,1,8.4,3,0
CUST-00435,2025-10-15,Consumer,42,78.34,2,8.75,3,0
CUST-00436,2025-01-15,Consumer,41,70.46,2,7.49,2,0
CUST-00436,2025-04-15,Consumer,44,70.46,2,7.34,2,0
CUST-00436,2025-07-15,Consumer,47,70.46,3,6.65,2,0
CUST-00436,2025-10-15,Consumer,50,70.46,4,7.18,2,0
CUST-00437,2025-01-15,Consumer,47,46.22,2,8.57,4,0
CUST-00437,2025-04-15,Consumer,50,46.22,1,8.6,4,0
CUST-00437,2025-07-15,Consumer,53,46.22,2,8.36,4,0
CUST-00437,2025-10-15,Consumer,56,46.22,1,7.6,4,0
CUST-00438,2025-01-15,Consumer,49,96.33,2,6.88,0,0
CUST-00438,2025-04-15,Consumer,52,96.33,1,7.09,0,0
CUST-00438,2025-07-15,Consumer,55,96.33,2,7.22,1,0
CUST-00438,2025-10-15,Consumer,58,96.33,2,6.86,1,0
CUST-00439,2025-01-15,SMB,61,73.75,1,7.69,2,0
CUST-00439,2025-04-15,SMB,64,73.75,0,7.58,3,0
CUST-00439,2025-07-15,SMB,67,73.75,2,7.95,3,0
CUST-00439,2025-10-15,SMB,70,73.75,0,8.29,3,0
CUST-00440,2025-01-15,SMB,5,58.11,2,5.82,2,0
CUST-00440,2025-04-15,SMB,8,58.11,3,5.84,2,1
CUST-00441,2025-01-15,Enterprise,27,71.14,2,8.54,1,0
CUST-00441,2025-04-15,Enterprise,30,71.14,3,8.38,1,0
CUST-00441,2025-07-15,Enterprise,33,71.14,2,8.03,1,0
CUST-00441,2025-10-15,Enterprise,36,71.14,3,8.22,1,0
CUST-00442,2025-01-15,Consumer,1,111.78,2,6.17,1,0
CUST-00442,2025-04-15,Consumer,4,111.78,0,6.34,1,1
CUST-00443,2025-01-15,SMB,1,100.07,2,9.55,1,0
CUST-00443,2025-04-15,SMB,4,100.07,1,9.65,1,0
CUST-00443,2025-07-15,SMB,7,100.07,3,10.0,1,0
CUST-00443,2025-10-15,SMB,10,100.07,2,9.57,1,0
CUST-00444,2025-01-15,Consumer,16,81.75,7,7.14,1,0
CUST-00444,2025-04-15,Consumer,19,81.75,7,7.22,1,0
CUST-00444,2025-07-15,Consumer,22,81.75,7,7.2,1,0
CUST-00444,2025-10-15,Consumer,25,81.75,6,6.57,1,0
CUST-00445,2025-01-15,Consumer,44,100.48,4,7.4,1,0
CUST-00445,2025-04-15,Consumer,47,100.48,4,7.2,1,0
CUST-00445,2025-07-15,Consumer,50,100.48,4,8.04,1,0
CUST-00445,2025-10-15,Consumer,53,100.48,4,7.97,2,0
CUST-00446,2025-01-15,SMB,65,55.98,1,8.42,0,0
CUST-00446,2025-04-15,SMB,68,55.98,1,8.45,0,0
CUST-00446,2025-07-15,SMB,71,55.98,2,8.71,0,0
CUST-00446,2025-10-15,SMB,74,55.98,0,8.26,1,0
CUST-00447,2025-01-15,Enterprise,56,85.81,4,6.92,2,0
CUST-00447,2025-04-15,Enterprise,59,85.81,4,7.21,2,0
CUST-00447,2025-07-15,Enterprise,62,85.81,5,7.36,2,1
CUST-00448,2025-01-15,SMB,47,88.68,1,7.18,0,0
CUST-00448,2025-04-15,SMB,50,88.68,3,6.23,0,0
CUST-00448,2025-07-15,SMB,53,88.68,4,6.08,0,0
CUST-00448,2025-10-15,SMB,56,88.68,5,5.77,0,0
CUST-00449,2025-01-15,Consumer,57,73.25,0,7.9,1,0
CUST-00449,2025-04-15,Consumer,60,73.25,2,7.76,1,0
CUST-00449,2025-07-15,Consumer,63,73.25,0,7.23,1,0
CUST-00449,2025-10-15,Consumer,66,73.25,2,6.37,1,0
CUST-00450,2025-01-15,SMB,13,95.89,2,9.14,0,0
CUST-00450,2025-04-15,SMB,16,95.89,2,9.36,0,0
CUST-00450,2025-07-15,SMB,19,95.89,2,9.19,0,0
CUST-00450,2025-10-15,SMB,22,95.89,1,9.55,0,0
CUST-00451,2025-01-15,Consumer,61,65.49,6,6.2,1,0
CUST-00451,2025-04-15,Consumer,64,65.49,7,6.72,1,0
CUST-00451,2025-07-15,Consumer,67,65.49,5,6.45,1,0
CUST-00451,2025-10-15,Consumer,70,65.49,4,6.29,1,0
CUST-00452,2025-01-15,Enterprise,65,97.75,4,7.39,2,0
CUST-00452,2025-04-15,Enterprise,68,97.75,6,6.58,3,0
CUST-00452,2025-07-15,Enterprise,71,97.75,7,5.98,3,0
CUST-00452,2025-10-15,Enterprise,74,97.75,7,5.25,3,0
CUST-00453,2025-01-15,SMB,7,98.8,0,7.55,2,0
CUST-00453,2025-04-15,SMB,10,98.8,0,8.07,2,0
CUST-00453,2025-07-15,SMB,13,98.8,2,8.02,2,0
CUST-00453,2025-10-15,SMB,16,98.8,1,8.01,2,0
CUST-00454,2025-01-15,Consumer,34,25.0,3,8.45,3,0
CUST-00454,2025-04-15,Consumer,37,25.0,4,8.62,3,0
CUST-00454,2025-07-15,Consumer,40,25.0,5,9.16,3,0
CUST-00454,2025-10-15,Consumer,43,25.0,4,9.4,3,0
CUST-00455,2025-01-15,Consumer,60,114.76,5,7.08,4,0
CUST-00455,2025-04-15,Consumer,63,114.76,3,7.81,4,0
CUST-00455,2025-07-15,Consumer,66,114.76,2,8.19,4,0
CUST-00455,2025-10-15,Consumer,69,114.76,4,8.48,4,0
CUST-00456,2025-01-15,Consumer,35,25.0,0,10.0,2,0
CUST-00456,2025-04-15,Consumer,38,25.0,0,9.77,3,0
CUST-00456,2025-07-15,Consumer,41,25.0,0,9.64,3,0
CUST-00456,2025-10-15,Consumer,44,25.0,2,9.22,3,0
CUST-00457,2025-01-15,Enterprise,61,69.6,5,6.45,0,0
CUST-00457,2025-04-15,Enterprise,64,69.6,4,6.41,1,0
CUST-00457,2025-07-15,Enterprise,67,69.6,2,6.79,1,0
CUST-00457,2025-10-15,Enterprise,70,69.6,3,6.66,1,0
CUST-00458,2025-01-15,Consumer,68,110.63,2,6.89,1,0
CUST-00458,2025-04-15,Consumer,71,110.63,1,6.93,1,0
CUST-00458,2025-07-15,Consumer,74,110.63,3,7.75,1,0
CUST-00458,2025-10-15,Consumer,77,110.63,0,6.81,1,0
CUST-00459,2025-01-15,SMB,35,77.07,4,6.82,1,0
CUST-00459,2025-04-15,SMB,38,77.07,4,6.96,1,0
CUST-00459,2025-07-15,SMB,41,77.07,4,7.44,1,0
CUST-00459,2025-10-15,SMB,44,77.07,4,7.45,2,1
CUST-00460,2025-01-15,SMB,5,48.35,1,5.1,0,0
CUST-00460,2025-04-15,SMB,8,48.35,4,5.53,0,0
CUST-00460,2025-07-15,SMB,11,48.35,2,5.38,1,0
CUST-00460,2025-10-15,SMB,14,48.35,2,5.91,1,0
CUST-00461,2025-01-15,SMB,25,57.66,1,6.14,2,0
CUST-00461,2025-04-15,SMB,28,57.66,2,5.94,2,0
CUST-00461,2025-07-15,SMB,31,57.66,3,5.9,2,0
CUST-00461,2025-10-15,SMB,34,57.66,3,5.23,2,0
CUST-00462,2025-01-15,Consumer,16,110.67,3,6.4,3,0
CUST-00462,2025-04-15,Consumer,19,110.67,3,6.68,4,1
CUST-00463,2025-01-15,Enterprise,35,36.96,2,8.86,0,0
CUST-00463,2025-04-15,Enterprise,38,36.96,3,8.49,0,0
CUST-00463,2025-07-15,Enterprise,41,36.96,2,8.46,0,0
CUST-00463,2025-10-15,Enterprise,44,36.96,2,7.78,1,0
CUST-00464,2025-01-15,Consumer,43,113.22,3,7.68,1,0
CUST-00464,2025-04-15,Consumer,46,113.22,3,7.94,1,0
CUST-00464,2025-07-15,Consumer,49,113.22,5,8.76,2,0
CUST-00464,2025-10-15,Consumer,52,113.22,2,9.25,2,0
CUST-00465,2025-01-15,SMB,34,83.62,2,6.35,1,0
CUST-00465,2025-04-15,SMB,37,83.62,3,5.86,1,0
CUST-00465,2025-07-15,SMB,40,83.62,2,5.51,1,1
CUST-00466,2025-01-15,SMB,15,55.19,4,9.07,5,0
CUST-00466,2025-04-15,SMB,18,55.19,6,9.14,5,0
CUST-00466,2025-07-15,SMB,21,55.19,5,8.95,5,0
CUST-00466,2025-10-15,SMB,24,55.19,4,7.99,5,1
CUST-00467,2025-01-15,SMB,22,70.42,5,9.92,4,0
CUST-00467,2025-04-15,SMB,25,70.42,5,10.0,4,0
CUST-00467,2025-07-15,SMB,28,70.42,3,10.0,5,0
CUST-00467,2025-10-15,SMB,31,70.42,2,9.97,6,0
CUST-00468,2025-01-15,Enterprise,49,59.57,6,9.7,0,0
CUST-00468,2025-04-15,Enterprise,52,59.57,7,9.81,0,0
CUST-00468,2025-07-15,Enterprise,55,59.57,6,10.0,0,0
CUST-00468,2025-10-15,Enterprise,58,59.57,7,9.65,0,0
CUST-00469,2025-01-15,Consumer,2,106.66,4,6.09,4,0
CUST-00469,2025-04-15,Consumer,5,106.66,3,5.89,4,0
CUST-00469,2025-07-15,Consumer,8,106.66,1,6.03,4,0
CUST-00469,2025-10-15,Consumer,11,106.66,2,5.36,4,1
CUST-00470,2025-01-15,Consumer,16,103.31,6,6.51,1,0
CUST-00470,2025-04-15,Consumer,19,103.31,5,6.15,2,0
CUST-00470,2025-07-15,Consumer,22,103.31,5,5.83,2,0
CUST-00470,2025-10-15,Consumer,25,103.31,4,5.83,3,0
CUST-00471,2025-01-15,Consumer,65,42.02,1,9.84,2,0
CUST-00471,2025-04-15,Consumer,68,42.02,2,9.7,2,0
CUST-00471,2025-07-15,Consumer,71,42.02,1,9.87,3,0
CUST-00471,2025-10-15,Consumer,74,42.02,1,10.0,3,0
CUST-00472,2025-01-15,Consumer,8,74.91,6,7.61,1,0
CUST-00472,2025-04-15,Consumer,11,74.91,6,7.52,2,0
CUST-00472,2025-07-15,Consumer,14,74.91,5,7.55,2,0
CUST-00472,2025-10-15,Consumer,17,74.91,4,7.5,2,0
CUST-00473,2025-01-15,Consumer,30,63.42,1,6.84,2,0
CUST-00473,2025-04-15,Consumer,33,63.42,0,6.7,2,0
CUST-00473,2025-07-15,Consumer,36,63.42,1,6.79,3,0
CUST-00473,2025-10-15,Consumer,39,63.42,2,6.72,4,0
CUST-00474,2025-01-15,Consumer,15,117.34,1,9.21,3,0
CUST-00474,2025-04-15,Consumer,18,117.34,1,9.59,3,0
CUST-00474,2025-07-15,Consumer,21,117.34,2,10.0,3,0
CUST-00474,2025-10-15,Consumer,24,117.34,2,9.72,3,0
CUST-00475,2025-01-15,Consumer,8,51.25,0,8.57,0,0
CUST-00475,2025-04-15,Consumer,11,51.25,0,8.78,0,0
CUST-00475,2025-07-15,Consumer,14,51.25,1,9.21,0,0
CUST-00475,2025-10-15,Consumer,17,51.25,0,9.26,0,0
CUST-00476,2025-01-15,Consumer,31,125.11,3,6.59,2,0
CUST-00476,2025-04-15,Consumer,34,125.11,2,6.88,3,0
CUST-00476,2025-07-15,Consumer,37,125.11,3,6.43,3,0
CUST-00476,2025-10-15,Consumer,40,125.11,2,6.61,3,0
CUST-00477,2025-01-15,Consumer,38,84.17,3,7.43,4,0
CUST-00477,2025-04-15,Consumer,41,84.17,4,7.64,4,0
CUST-00477,2025-07-15,Consumer,44,84.17,3,8.05,4,0
CUST-00477,2025-10-15,Consumer,47,84.17,2,7.87,4,0
CUST-00478,2025-01-15,SMB,13,55.95,0,8.81,1,0
CUST-00478,2025-04-15,SMB,16,55.95,1,8.79,1,0
CUST-00478,2025-07-15,SMB,19,55.95,0,8.52,2,0
CUST-00478,2025-10-15,SMB,22,55.95,0,8.21,2,0
CUST-00479,2025-01-15,SMB,6,68.07,1,5.23,0,0
CUST-00479,2025-04-15,SMB,9,68.07,3,4.75,1,1
CUST-00480,2025-01-15,Consumer,10,64.96,2,7.13,0,0
CUST-00480,2025-04-15,Consumer,13,64.96,2,7.47,0,0
CUST-00480,2025-07-15,Consumer,16,64.96,2,7.89,0,0
CUST-00480,2025-10-15,Consumer,19,64.96,2,7.71,0,0
CUST-00481,2025-01-15,Consumer,47,53.13,4,5.47,2,0
CUST-00481,2025-04-15,Consumer,50,53.13,5,5.48,2,0
CUST-00481,2025-07-15,Consumer,53,53.13,6,5.0,2,0
CUST-00481,2025-10-15,Consumer,56,53.13,4,4.63,2,0
CUST-00482,2025-01-15,Consumer,62,87.37,2,5.86,1,0
CUST-00482,2025-04-15,Consumer,65,87.37,2,5.79,1,0
CUST-00482,2025-07-15,Consumer,68,87.37,3,5.86,2,0
CUST-00482,2025-10-15,Consumer,71,87.37,1,5.29,2,0
CUST-00483,2025-01-15,SMB,13,54.3,3,6.76,0,0
CUST-00483,2025-04-15,SMB,16,54.3,4,6.56,1,0
CUST-00483,2025-07-15,SMB,19,54.3,5,6.85,1,0
CUST-00483,2025-10-15,SMB,22,54.3,3,6.42,2,0
CUST-00484,2025-01-15,Consumer,24,30.49,4,7.66,3,0
CUST-00484,2025-04-15,Consumer,27,30.49,4,7.72,4,0
CUST-00484,2025-07-15,Consumer,30,30.49,4,7.17,4,0
CUST-00484,2025-10-15,Consumer,33,30.49,4,7.15,4,0
CUST-00485,2025-01-15,Consumer,25,75.51,4,6.42,1,0
CUST-00485,2025-04-15,Consumer,28,75.51,5,6.1,1,0
CUST-00485,2025-07-15,Consumer,31,75.51,4,5.7,1,0
CUST-00485,2025-10-15,Consumer,34,75.51,4,6.04,1,0
CUST-00486,2025-01-15,Consumer,26,39.93,3,6.58,3,0
CUST-00486,2025-04-15,Consumer,29,39.93,4,6.19,3,0
CUST-00486,2025-07-15,Consumer,32,39.93,3,6.51,3,0
CUST-00486,2025-10-15,Consumer,35,39.93,5,5.92,4,0
CUST-00487,2025-01-15,Consumer,18,66.2,0,7.89,2,0
CUST-00487,2025-04-15,Consumer,21,66.2,2,7.91,2,0
CUST-00487,2025-07-15,Consumer,24,66.2,1,8.11,2,0
CUST-00487,2025-10-15,Consumer,27,66.2,2,7.64,3,0
CUST-00488,2025-01-15,Consumer,4,62.27,3,5.7,1,0
CUST-00488,2025-04-15,Consumer,7,62.27,1,5.34,2,0
CUST-00488,2025-07-15,Consumer,10,62.27,3,5.08,3,0
CUST-00488,2025-10-15,Consumer,13,62.27,2,5.27,4,0
CUST-00489,2025-01-15,SMB,38,63.22,6,7.66,3,0
CUST-00489,2025-04-15,SMB,41,63.22,3,8.28,3,0
CUST-00489,2025-07-15,SMB,44,63.22,4,7.98,3,0
CUST-00489,2025-10-15,SMB,47,63.22,4,7.75,3,0
CUST-00490,2025-01-15,SMB,26,135.02,2,8.71,1,0
CUST-00490,2025-04-15,SMB,29,135.02,0,8.82,1,0
CUST-00490,2025-07-15,SMB,32,135.02,2,8.56,1,0
CUST-00490,2025-10-15,SMB,35,135.02,2,8.32,2,0
CUST-00491,2025-01-15,SMB,25,86.41,1,6.67,1,0
CUST-00491,2025-04-15,SMB,28,86.41,1,5.78,1,0
CUST-00491,2025-07-15,SMB,31,86.41,2,6.24,1,0
CUST-00491,2025-10-15,SMB,34,86.41,3,5.63,1,0
CUST-00492,2025-01-15,SMB,20,91.13,4,6.77,3,0
CUST-00492,2025-04-15,SMB,23,91.13,1,7.37,4,0
CUST-00492,2025-07-15,SMB,26,91.13,3,6.94,4,0
CUST-00492,2025-10-15,SMB,29,91.13,0,6.88,5,0
CUST-00493,2025-01-15,SMB,67,40.59,4,7.99,1,0
CUST-00493,2025-04-15,SMB,70,40.59,3,7.24,1,0
CUST-00493,2025-07-15,SMB,73,40.59,3,7.29,1,0
CUST-00493,2025-10-15,SMB,76,40.59,3,6.85,2,0
CUST-00494,2025-01-15,Consumer,44,68.65,3,4.19,3,0
CUST-00494,2025-04-15,Consumer,47,68.65,4,4.66,3,0
CUST-00494,2025-07-15,Consumer,50,68.65,2,4.17,3,0
CUST-00494,2025-10-15,Consumer,53,68.65,1,3.55,3,0
CUST-00495,2025-01-15,SMB,31,90.38,1,7.98,1,0
CUST-00495,2025-04-15,SMB,34,90.38,2,8.36,1,0
CUST-00495,2025-07-15,SMB,37,90.38,2,7.87,1,0
CUST-00495,2025-10-15,SMB,40,90.38,2,7.36,1,0
CUST-00496,2025-01-15,Consumer,15,59.39,3,9.15,4,0
CUST-00496,2025-04-15,Consumer,18,59.39,2,9.15,4,0
CUST-00496,2025-07-15,Consumer,21,59.39,5,8.83,4,0
CUST-00496,2025-10-15,Consumer,24,59.39,0,8.38,4,0
CUST-00497,2025-01-15,Consumer,58,107.7,0,6.68,1,0
CUST-00497,2025-04-15,Consumer,61,107.7,0,6.22,1,0
CUST-00497,2025-07-15,Consumer,64,107.7,1,5.78,2,0
CUST-00497,2025-10-15,Consumer,67,107.7,1,5.6,2,0
CUST-00498,2025-01-15,SMB,64,54.93,3,6.88,2,0
CUST-00498,2025-04-15,SMB,67,54.93,4,7.36,2,0
CUST-00498,2025-07-15,SMB,70,54.93,4,6.59,3,0
CUST-00498,2025-10-15,SMB,73,54.93,2,6.75,3,0
CUST-00499,2025-01-15,Consumer,3,77.84,1,7.91,3,0
CUST-00499,2025-04-15,Consumer,6,77.84,2,8.35,4,0
CUST-00499,2025-07-15,Consumer,9,77.84,2,7.96,4,1
CUST-00500,2025-01-15,Consumer,67,70.35,4,9.82,0,0
CUST-00500,2025-04-15,Consumer,70,70.35,3,9.8,0,0
CUST-00500,2025-07-15,Consumer,73,70.35,3,9.52,0,0
CUST-00500,2025-10-15,Consumer,76,70.35,3,9.56,0,0
CUST-00501,2025-01-15,SMB,51,89.11,2,8.83,1,0
CUST-00501,2025-04-15,SMB,54,89.11,2,9.05,2,0
CUST-00501,2025-07-15,SMB,57,89.11,4,8.85,2,0
CUST-00501,2025-10-15,SMB,60,89.11,3,7.55,2,0
CUST-00502,2025-01-15,Enterprise,8,68.99,3,4.34,2,0
CUST-00502,2025-04-15,Enterprise,11,68.99,2,4.27,2,0
CUST-00502,2025-07-15,Enterprise,14,68.99,3,4.79,3,0
CUST-00502,2025-10-15,Enterprise,17,68.99,4,3.92,3,0
CUST-00503,2025-01-15,Enterprise,55,78.23,1,7.98,1,0
CUST-00503,2025-04-15,Enterprise,58,78.23,0,7.7,1,0
CUST-00503,2025-07-15,Enterprise,61,78.23,1,7.28,1,0
CUST-00503,2025-10-15,Enterprise,64,78.23,2,6.98,1,0
CUST-00504,2025-01-15,Consumer,8,79.1,3,9.47,2,0
CUST-00504,2025-04-15,Consumer,11,79.1,5,9.64,3,0
CUST-00504,2025-07-15,Consumer,14,79.1,7,9.79,3,0
CUST-00504,2025-10-15,Consumer,17,79.1,5,9.31,3,0
CUST-00505,2025-01-15,Consumer,4,66.64,6,8.26,0,0
CUST-00505,2025-04-15,Consumer,7,66.64,2,8.19,1,0
CUST-00505,2025-07-15,Consumer,10,66.64,2,7.98,2,0
CUST-00505,2025-10-15,Consumer,13,66.64,4,7.66,2,0
CUST-00506,2025-01-15,SMB,9,97.13,3,5.74,0,0
CUST-00506,2025-04-15,SMB,12,97.13,3,5.8,0,0
CUST-00506,2025-07-15,SMB,15,97.13,3,5.93,0,0
CUST-00506,2025-10-15,SMB,18,97.13,3,5.56,0,0
CUST-00507,2025-01-15,Consumer,34,90.96,2,7.69,3,0
CUST-00507,2025-04-15,Consumer,37,90.96,0,7.92,3,0
CUST-00507,2025-07-15,Consumer,40,90.96,1,7.85,4,0
CUST-00507,2025-10-15,Consumer,43,90.96,2,7.59,4,0
CUST-00508,2025-01-15,SMB,45,82.78,4,4.67,1,0
CUST-00508,2025-04-15,SMB,48,82.78,2,4.33,1,0
CUST-00508,2025-07-15,SMB,51,82.78,3,4.74,1,0
CUST-00508,2025-10-15,SMB,54,82.78,3,4.03,1,0
CUST-00509,2025-01-15,Consumer,30,74.24,0,9.32,2,0
CUST-00509,2025-04-15,Consumer,33,74.24,0,9.32,2,0
CUST-00509,2025-07-15,Consumer,36,74.24,2,8.91,2,0
CUST-00509,2025-10-15,Consumer,39,74.24,1,8.52,2,0
CUST-00510,2025-01-15,Consumer,9,104.91,7,5.56,2,0
CUST-00510,2025-04-15,Consumer,12,104.91,6,6.04,3,0
CUST-00510,2025-07-15,Consumer,15,104.91,4,6.16,3,0
CUST-00510,2025-10-15,Consumer,18,104.91,6,5.32,3,0
CUST-00511,2025-01-15,Consumer,15,79.1,5,6.65,1,0
CUST-00511,2025-04-15,Consumer,18,79.1,7,6.64,2,0
CUST-00511,2025-07-15,Consumer,21,79.1,5,6.72,3,0
CUST-00511,2025-10-15,Consumer,24,79.1,5,6.18,3,0
CUST-00512,2025-01-15,SMB,62,77.33,5,6.38,1,0
CUST-00512,2025-04-15,SMB,65,77.33,6,5.85,1,0
CUST-00512,2025-07-15,SMB,68,77.33,5,5.65,1,0
CUST-00512,2025-10-15,SMB,71,77.33,5,5.48,1,0
CUST-00513,2025-01-15,Consumer,70,87.62,0,6.1,0,0
CUST-00513,2025-04-15,Consumer,73,87.62,2,5.85,1,0
CUST-00513,2025-07-15,Consumer,76,87.62,1,6.28,2,0
CUST-00513,2025-10-15,Consumer,79,87.62,1,5.59,3,0
CUST-00514,2025-01-15,Consumer,55,127.41,3,9.14,2,0
CUST-00514,2025-04-15,Consumer,58,127.41,2,8.49,3,0
CUST-00514,2025-07-15,Consumer,61,127.41,3,8.66,3,0
CUST-00514,2025-10-15,Consumer,64,127.41,2,8.25,3,0
CUST-00515,2025-01-15,Consumer,8,51.49,0,7.73,2,0
CUST-00515,2025-04-15,Consumer,11,51.49,0,7.96,2,0
CUST-00515,2025-07-15,Consumer,14,51.49,0,7.86,2,0
CUST-00515,2025-10-15,Consumer,17,51.49,0,7.2,2,0
CUST-00516,2025-01-15,Consumer,60,104.25,3,6.76,1,0
CUST-00516,2025-04-15,Consumer,63,104.25,3,6.36,1,0
CUST-00516,2025-07-15,Consumer,66,104.25,2,5.87,2,0
CUST-00516,2025-10-15,Consumer,69,104.25,3,4.89,2,0
CUST-00517,2025-01-15,Consumer,50,37.67,4,6.02,1,0
CUST-00517,2025-04-15,Consumer,53,37.67,3,5.98,1,0
CUST-00517,2025-07-15,Consumer,56,37.67,5,5.63,1,1
CUST-00518,2025-01-15,SMB,38,90.43,2,4.6,0,0
CUST-00518,2025-04-15,SMB,41,90.43,1,4.75,0,0
CUST-00518,2025-07-15,SMB,44,90.43,2,4.97,0,0
CUST-00518,2025-10-15,SMB,47,90.43,1,4.78,0,0
CUST-00519,2025-01-15,Consumer,11,124.38,2,5.2,3,0
CUST-00519,2025-04-15,Consumer,14,124.38,1,4.52,4,0
CUST-00519,2025-07-15,Consumer,17,124.38,2,4.69,4,0
CUST-00519,2025-10-15,Consumer,20,124.38,1,3.94,4,0
CUST-00520,2025-01-15,SMB,72,97.22,0,7.21,0,0
CUST-00520,2025-04-15,SMB,75,97.22,3,6.82,1,0
CUST-00520,2025-07-15,SMB,78,97.22,0,6.94,2,0
CUST-00520,2025-10-15,SMB,81,97.22,0,6.61,2,0
CUST-00521,2025-01-15,Enterprise,32,89.27,4,8.91,3,0
CUST-00521,2025-04-15,Enterprise,35,89.27,4,8.37,4,0
CUST-00521,2025-07-15,Enterprise,38,89.27,3,7.95,4,0
CUST-00521,2025-10-15,Enterprise,41,89.27,5,7.38,4,0
CUST-00522,2025-01-15,Consumer,4,70.99,5,6.74,0,0
CUST-00522,2025-04-15,Consumer,7,70.99,4,7.04,0,0
CUST-00522,2025-07-15,Consumer,10,70.99,5,7.17,0,0
CUST-00522,2025-10-15,Consumer,13,70.99,4,7.17,0,0
CUST-00523,2025-01-15,Consumer,16,85.78,0,9.24,2,1
CUST-00524,2025-01-15,SMB,29,78.7,1,6.45,2,0
CUST-00524,2025-04-15,SMB,32,78.7,2,6.45,2,0
CUST-00524,2025-07-15,SMB,35,78.7,3,6.29,2,0
CUST-00524,2025-10-15,SMB,38,78.7,2,6.24,2,0
CUST-00525,2025-01-15,Consumer,5,65.35,5,7.24,1,1
CUST-00526,2025-01-15,Consumer,24,77.75,2,4.76,1,0
CUST-00526,2025-04-15,Consumer,27,77.75,3,5.11,1,0
CUST-00526,2025-07-15,Consumer,30,77.75,3,5.32,2,0
CUST-00526,2025-10-15,Consumer,33,77.75,2,4.48,2,0
CUST-00527,2025-01-15,Enterprise,34,89.96,6,8.7,1,0
CUST-00527,2025-04-15,Enterprise,37,89.96,5,8.34,1,0
CUST-00527,2025-07-15,Enterprise,40,89.96,6,8.32,2,0
CUST-00527,2025-10-15,Enterprise,43,89.96,7,8.05,3,0
CUST-00528,2025-01-15,Enterprise,69,65.82,1,9.8,2,0
CUST-00528,2025-04-15,Enterprise,72,65.82,0,9.98,2,0
CUST-00528,2025-07-15,Enterprise,75,65.82,1,10.0,3,0
CUST-00528,2025-10-15,Enterprise,78,65.82,0,9.23,3,0
CUST-00529,2025-01-15,SMB,7,64.84,3,4.82,2,0
CUST-00529,2025-04-15,SMB,10,64.84,5,4.61,3,0
CUST-00529,2025-07-15,SMB,13,64.84,3,4.89,3,1
CUST-00530,2025-01-15,Consumer,42,50.99,4,7.0,4,0
CUST-00530,2025-04-15,Consumer,45,50.99,4,7.26,5,0
CUST-00530,2025-07-15,Consumer,48,50.99,4,6.37,6,0
CUST-00530,2025-10-15,Consumer,51,50.99,3,5.53,6,0
CUST-00531,2025-01-15,SMB,66,94.77,2,9.14,1,0
CUST-00531,2025-04-15,SMB,69,94.77,0,9.53,1,0
CUST-00531,2025-07-15,SMB,72,94.77,1,8.97,1,0
CUST-00531,2025-10-15,SMB,75,94.77,0,9.33,1,0
CUST-00532,2025-01-15,SMB,59,98.63,4,4.74,0,0
CUST-00532,2025-04-15,SMB,62,98.63,4,4.87,0,0
CUST-00532,2025-07-15,SMB,65,98.63,4,5.05,1,0
CUST-00532,2025-10-15,SMB,68,98.63,4,4.29,1,0
CUST-00533,2025-01-15,Consumer,67,90.79,0,8.55,1,0
CUST-00533,2025-04-15,Consumer,70,90.79,0,8.66,2,0
CUST-00533,2025-07-15,Consumer,73,90.79,1,8.78,2,0
CUST-00533,2025-10-15,Consumer,76,90.79,2,7.99,3,0
CUST-00534,2025-01-15,SMB,13,109.13,0,8.67,0,0
CUST-00534,2025-04-15,SMB,16,109.13,0,9.23,0,0
CUST-00534,2025-07-15,SMB,19,109.13,2,9.46,0,0
CUST-00534,2025-10-15,SMB,22,109.13,1,9.0,0,0
CUST-00535,2025-01-15,Consumer,58,87.2,2,7.37,0,0
CUST-00535,2025-04-15,Consumer,61,87.2,2,7.43,0,0
CUST-00535,2025-07-15,Consumer,64,87.2,2,7.3,0,0
CUST-00535,2025-10-15,Consumer,67,87.2,1,7.16,0,0
CUST-00536,2025-01-15,Consumer,71,94.8,0,8.71,0,0
CUST-00536,2025-04-15,Consumer,74,94.8,2,8.83,0,0
CUST-00536,2025-07-15,Consumer,77,94.8,0,8.9,0,0
CUST-00536,2025-10-15,Consumer,80,94.8,0,8.58,0,0
CUST-00537,2025-01-15,Consumer,24,92.6,4,9.85,1,0
CUST-00537,2025-04-15,Consumer,27,92.6,6,10.0,2,0
CUST-00537,2025-07-15,Consumer,30,92.6,4,10.0,2,0
CUST-00537,2025-10-15,Consumer,33,92.6,6,9.42,2,0
CUST-00538,2025-01-15,Consumer,36,82.71,2,10.0,1,0
CUST-00538,2025-04-15,Consumer,39,82.71,2,10.0,2,0
CUST-00538,2025-07-15,Consumer,42,82.71,1,9.95,2,0
CUST-00538,2025-10-15,Consumer,45,82.71,2,9.54,2,0
CUST-00539,2025-01-15,Consumer,39,71.73,1,6.92,0,0
CUST-00539,2025-04-15,Consumer,42,71.73,2,7.3,1,0
CUST-00539,2025-07-15,Consumer,45,71.73,2,7.38,1,0
CUST-00539,2025-10-15,Consumer,48,71.73,2,6.91,1,0
CUST-00540,2025-01-15,SMB,36,140.35,4,6.26,1,0
CUST-00540,2025-04-15,SMB,39,140.35,4,6.37,1,0
CUST-00540,2025-07-15,SMB,42,140.35,6,6.59,1,0
CUST-00540,2025-10-15,SMB,45,140.35,6,5.86,1,0
CUST-00541,2025-01-15,Enterprise,21,73.7,6,5.78,1,0
CUST-00541,2025-04-15,Enterprise,24,73.7,4,5.52,1,0
CUST-00541,2025-07-15,Enterprise,27,73.7,5,5.45,2,0
CUST-00541,2025-10-15,Enterprise,30,73.7,5,5.36,2,0
CUST-00542,2025-01-15,SMB,70,68.35,2,9.06,4,1
CUST-00543,2025-01-15,SMB,69,95.85,2,4.65,0,0
CUST-00543,2025-04-15,SMB,72,95.85,5,4.64,0,0
CUST-00543,2025-07-15,SMB,75,95.85,4,4.22,0,0
CUST-00543,2025-10-15,SMB,78,95.85,4,4.22,0,0
CUST-00544,2025-01-15,Enterprise,28,91.3,2,6.76,1,0
CUST-00544,2025-04-15,Enterprise,31,91.3,1,7.02,1,0
CUST-00544,2025-07-15,Enterprise,34,91.3,2,6.54,2,0
CUST-00544,2025-10-15,Enterprise,37,91.3,0,6.11,2,0
CUST-00545,2025-01-15,Consumer,58,49.88,3,7.84,1,0
CUST-00545,2025-04-15,Consumer,61,49.88,2,7.55,2,0
CUST-00545,2025-07-15,Consumer,64,49.88,3,7.78,2,0
CUST-00545,2025-10-15,Consumer,67,49.88,4,7.69,3,0
CUST-00546,2025-01-15,Consumer,29,113.07,3,6.57,1,0
CUST-00546,2025-04-15,Consumer,32,113.07,2,6.55,2,0
CUST-00546,2025-07-15,Consumer,35,113.07,2,6.69,2,0
CUST-00546,2025-10-15,Consumer,38,113.07,1,6.56,2,0
CUST-00547,2025-01-15,Consumer,58,82.65,1,7.61,0,0
CUST-00547,2025-04-15,Consumer,61,82.65,2,7.21,0,0
CUST-00547,2025-07-15,Consumer,64,82.65,0,7.2,1,0
CUST-00547,2025-10-15,Consumer,67,82.65,0,6.71,1,0
CUST-00548,2025-01-15,Consumer,43,57.23,1,10.0,1,0
CUST-00548,2025-04-15,Consumer,46,57.23,4,9.93,1,0
CUST-00548,2025-07-15,Consumer,49,57.23,3,10.0,1,0
CUST-00548,2025-10-15,Consumer,52,57.23,1,10.0,1,0
CUST-00549,2025-01-15,SMB,34,114.72,6,7.21,2,0
CUST-00549,2025-04-15,SMB,37,114.72,3,7.6,2,0
CUST-00549,2025-07-15,SMB,40,114.72,4,7.24,3,0
CUST-00549,2025-10-15,SMB,43,114.72,3,7.16,3,0
CUST-00550,2025-01-15,Consumer,10,100.64,3,6.11,2,0
CUST-00550,2025-04-15,Consumer,13,100.64,3,6.11,2,0
CUST-00550,2025-07-15,Consumer,16,100.64,4,5.66,2,0
CUST-00550,2025-10-15,Consumer,19,100.64,5,5.7,2,0
CUST-00551,2025-01-15,Consumer,48,53.39,5,8.38,2,0
CUST-00551,2025-04-15,Consumer,51,53.39,2,8.59,2,1
CUST-00552,2025-01-15,Consumer,24,129.43,2,7.76,3,0
CUST-00552,2025-04-15,Consumer,27,129.43,2,7.7,3,0
CUST-00552,2025-07-15,Consumer,30,129.43,2,7.84,3,0
CUST-00552,2025-10-15,Consumer,33,129.43,3,7.73,4,0
CUST-00553,2025-01-15,Consumer,16,101.47,2,9.48,2,0
CUST-00553,2025-04-15,Consumer,19,101.47,3,9.24,3,0
CUST-00553,2025-07-15,Consumer,22,101.47,3,9.17,3,0
CUST-00553,2025-10-15,Consumer,25,101.47,3,8.99,3,0
CUST-00554,2025-01-15,Enterprise,14,84.75,2,7.38,2,0
CUST-00554,2025-04-15,Enterprise,17,84.75,1,7.85,2,0
CUST-00554,2025-07-15,Enterprise,20,84.75,2,8.02,3,0
CUST-00554,2025-10-15,Enterprise,23,84.75,2,8.17,3,1
CUST-00555,2025-01-15,Consumer,71,124.76,3,7.05,2,0
CUST-00555,2025-04-15,Consumer,74,124.76,3,6.92,3,0
CUST-00555,2025-07-15,Consumer,77,124.76,4,6.57,3,0
CUST-00555,2025-10-15,Consumer,80,124.76,5,6.25,3,0
CUST-00556,2025-01-15,Consumer,8,88.98,1,4.71,2,1
CUST-00557,2025-01-15,Consumer,58,84.3,3,4.62,3,0
CUST-00557,2025-04-15,Consumer,61,84.3,3,4.82,4,0
CUST-00557,2025-07-15,Consumer,64,84.3,4,4.32,4,0
CUST-00557,2025-10-15,Consumer,67,84.3,3,3.62,4,0
CUST-00558,2025-01-15,Consumer,63,68.49,3,4.19,4,0
CUST-00558,2025-04-15,Consumer,66,68.49,4,4.89,4,0
CUST-00558,2025-07-15,Consumer,69,68.49,4,4.24,4,0
CUST-00558,2025-10-15,Consumer,72,68.49,3,3.91,5,0
CUST-00559,2025-01-15,SMB,3,99.55,0,8.1,1,0
CUST-00559,2025-04-15,SMB,6,99.55,1,8.67,1,0
CUST-00559,2025-07-15,SMB,9,99.55,0,8.64,1,0
CUST-00559,2025-10-15,SMB,12,99.55,0,8.38,1,0
CUST-00560,2025-01-15,Consumer,43,96.92,1,5.53,1,0
CUST-00560,2025-04-15,Consumer,46,96.92,3,5.03,2,0
CUST-00560,2025-07-15,Consumer,49,96.92,2,4.59,2,0
CUST-00560,2025-10-15,Consumer,52,96.92,5,3.57,3,0
CUST-00561,2025-01-15,Consumer,42,85.37,3,8.81,0,0
CUST-00561,2025-04-15,Consumer,45,85.37,3,8.89,0,0
CUST-00561,2025-07-15,Consumer,48,85.37,2,9.0,0,0
CUST-00561,2025-10-15,Consumer,51,85.37,4,8.79,1,0
CUST-00562,2025-01-15,Consumer,26,65.25,1,6.57,2,0
CUST-00562,2025-04-15,Consumer,29,65.25,2,5.89,2,0
CUST-00562,2025-07-15,Consumer,32,65.25,2,5.81,3,0
CUST-00562,2025-10-15,Consumer,35,65.25,3,5.72,3,0
CUST-00563,2025-01-15,SMB,49,88.25,0,6.72,1,0
CUST-00563,2025-04-15,SMB,52,88.25,1,6.49,1,0
CUST-00563,2025-07-15,SMB,55,88.25,2,6.32,1,0
CUST-00563,2025-10-15,SMB,58,88.25,1,6.29,1,0
CUST-00564,2025-01-15,SMB,30,83.26,6,5.32,1,0
CUST-00564,2025-04-15,SMB,33,83.26,4,5.56,1,0
CUST-00564,2025-07-15,SMB,36,83.26,6,5.45,1,0
CUST-00564,2025-10-15,SMB,39,83.26,5,5.35,1,0
CUST-00565,2025-01-15,SMB,32,51.66,3,8.52,1,1
CUST-00566,2025-01-15,SMB,32,48.2,3,6.04,3,0
CUST-00566,2025-04-15,SMB,35,48.2,0,6.12,4,0
CUST-00566,2025-07-15,SMB,38,48.2,2,6.42,4,0
CUST-00566,2025-10-15,SMB,41,48.2,0,6.14,5,0
CUST-00567,2025-01-15,SMB,58,99.13,5,5.79,1,0
CUST-00567,2025-04-15,SMB,61,99.13,2,6.05,2,0
CUST-00567,2025-07-15,SMB,64,99.13,3,5.87,2,0
CUST-00567,2025-10-15,SMB,67,99.13,5,5.73,2,0
CUST-00568,2025-01-15,Consumer,46,25.0,2,9.14,0,0
CUST-00568,2025-04-15,Consumer,49,25.0,4,9.05,0,0
CUST-00568,2025-07-15,Consumer,52,25.0,3,8.64,0,0
CUST-00568,2025-10-15,Consumer,55,25.0,3,8.21,0,0
CUST-00569,2025-01-15,Consumer,28,90.14,0,7.13,2,0
CUST-00569,2025-04-15,Consumer,31,90.14,0,7.14,2,1
CUST-00570,2025-01-15,Consumer,67,73.05,5,7.2,1,1
CUST-00571,2025-01-15,Consumer,58,117.71,1,8.08,1,0
CUST-00571,2025-04-15,Consumer,61,117.71,2,8.8,2,0
CUST-00571,2025-07-15,Consumer,64,117.71,3,8.71,2,0
CUST-00571,2025-10-15,Consumer,67,117.71,2,8.74,3,0
CUST-00572,2025-01-15,SMB,68,72.66,2,6.69,2,0
CUST-00572,2025-04-15,SMB,71,72.66,3,6.18,3,0
CUST-00572,2025-07-15,SMB,74,72.66,3,6.05,4,0
CUST-00572,2025-10-15,SMB,77,72.66,2,5.13,4,0
CUST-00573,2025-01-15,Consumer,53,101.49,1,7.94,0,0
CUST-00573,2025-04-15,Consumer,56,101.49,4,7.79,0,0
CUST-00573,2025-07-15,Consumer,59,101.49,2,8.65,0,0
CUST-00573,2025-10-15,Consumer,62,101.49,2,8.66,0,1
CUST-00574,2025-01-15,SMB,29,75.08,4,5.8,1,0
CUST-00574,2025-04-15,SMB,32,75.08,5,5.9,1,0
CUST-00574,2025-07-15,SMB,35,75.08,4,6.24,1,0
CUST-00574,2025-10-15,SMB,38,75.08,3,6.75,2,0
CUST-00575,2025-01-15,Enterprise,56,87.84,3,10.0,3,0
CUST-00575,2025-04-15,Enterprise,59,87.84,3,9.64,3,0
CUST-00575,2025-07-15,Enterprise,62,87.84,4,9.47,3,0
CUST-00575,2025-10-15,Enterprise,65,87.84,2,9.29,3,0
CUST-00576,2025-01-15,Consumer,24,103.42,2,6.31,1,0
CUST-00576,2025-04-15,Consumer,27,103.42,1,6.47,2,0
CUST-00576,2025-07-15,Consumer,30,103.42,1,6.62,2,0
CUST-00576,2025-10-15,Consumer,33,103.42,1,6.95,2,0
CUST-00577,2025-01-15,Enterprise,20,73.44,5,9.08,3,0
CUST-00577,2025-04-15,Enterprise,23,73.44,6,8.83,3,0
CUST-00577,2025-07-15,Enterprise,26,73.44,5,8.54,3,0
CUST-00577,2025-10-15,Enterprise,29,73.44,5,8.23,4,0
CUST-00578,2025-01-15,SMB,33,109.91,3,6.8,3,0
CUST-00578,2025-04-15,SMB,36,109.91,4,6.78,3,0
CUST-00578,2025-07-15,SMB,39,109.91,3,6.31,3,0
CUST-00578,2025-10-15,SMB,42,109.91,3,5.88,3,0
CUST-00579,2025-01-15,Enterprise,70,60.16,2,8.29,0,0
CUST-00579,2025-04-15,Enterprise,73,60.16,3,8.29,0,0
CUST-00579,2025-07-15,Enterprise,76,60.16,1,8.58,0,0
CUST-00579,2025-10-15,Enterprise,79,60.16,2,7.91,1,0
CUST-00580,2025-01-15,Consumer,41,92.36,2,8.82,4,0
CUST-00580,2025-04-15,Consumer,44,92.36,3,8.9,4,0
CUST-00580,2025-07-15,Consumer,47,92.36,4,8.64,4,0
CUST-00580,2025-10-15,Consumer,50,92.36,3,7.75,5,0
CUST-00581,2025-01-15,Consumer,28,108.07,3,9.09,1,0
CUST-00581,2025-04-15,Consumer,31,108.07,3,9.61,2,0
CUST-00581,2025-07-15,Consumer,34,108.07,2,9.66,2,0
CUST-00581,2025-10-15,Consumer,37,108.07,3,9.65,2,0
CUST-00582,2025-01-15,Consumer,34,101.5,2,6.11,0,1
CUST-00583,2025-01-15,Consumer,21,132.91,4,8.72,1,0
CUST-00583,2025-04-15,Consumer,24,132.91,3,8.98,1,0
CUST-00583,2025-07-15,Consumer,27,132.91,3,8.94,1,0
CUST-00583,2025-10-15,Consumer,30,132.91,2,8.57,1,0
CUST-00584,2025-01-15,Consumer,48,65.91,3,10.0,1,0
CUST-00584,2025-04-15,Consumer,51,65.91,1,10.0,2,0
CUST-00584,2025-07-15,Consumer,54,65.91,1,10.0,3,0
CUST-00584,2025-10-15,Consumer,57,65.91,3,9.59,3,0
CUST-00585,2025-01-15,Enterprise,26,50.52,4,6.68,3,0
CUST-00585,2025-04-15,Enterprise,29,50.52,3,6.26,3,0
CUST-00585,2025-07-15,Enterprise,32,50.52,3,6.09,3,0
CUST-00585,2025-10-15,Enterprise,35,50.52,3,5.66,3,0
CUST-00586,2025-01-15,SMB,40,60.14,1,7.33,1,0
CUST-00586,2025-04-15,SMB,43,60.14,3,7.83,1,0
CUST-00586,2025-07-15,SMB,46,60.14,2,8.63,2,0
CUST-00586,2025-10-15,SMB,49,60.14,3,8.63,3,1
CUST-00587,2025-01-15,Consumer,27,101.51,4,5.98,3,0
CUST-00587,2025-04-15,Consumer,30,101.51,2,6.08,3,0
CUST-00587,2025-07-15,Consumer,33,101.51,3,6.36,3,0
CUST-00587,2025-10-15,Consumer,36,101.51,2,6.26,3,0
CUST-00588,2025-01-15,Consumer,24,97.45,0,6.43,0,0
CUST-00588,2025-04-15,Consumer,27,97.45,0,6.42,1,0
CUST-00588,2025-07-15,Consumer,30,97.45,1,7.11,1,0
CUST-00588,2025-10-15,Consumer,33,97.45,3,6.88,1,0
CUST-00589,2025-01-15,Consumer,70,87.56,5,10.0,5,0
CUST-00589,2025-04-15,Consumer,73,87.56,5,10.0,6,0
CUST-00589,2025-07-15,Consumer,76,87.56,5,9.82,6,0
CUST-00589,2025-10-15,Consumer,79,87.56,4,9.5,6,0
CUST-00590,2025-01-15,Consumer,25,56.93,3,5.92,2,0
CUST-00590,2025-04-15,Consumer,28,56.93,4,5.89,3,0
CUST-00590,2025-07-15,Consumer,31,56.93,4,5.78,3,0
CUST-00590,2025-10-15,Consumer,34,56.93,4,5.05,3,0
CUST-00591,2025-01-15,Enterprise,6,104.17,3,6.15,2,0
CUST-00591,2025-04-15,Enterprise,9,104.17,4,6.58,2,1
CUST-00592,2025-01-15,Consumer,28,54.38,2,9.87,2,0
CUST-00592,2025-04-15,Consumer,31,54.38,3,10.0,2,0
CUST-00592,2025-07-15,Consumer,34,54.38,1,10.0,2,0
CUST-00592,2025-10-15,Consumer,37,54.38,2,9.9,2,0
CUST-00593,2025-01-15,Consumer,39,113.97,1,8.07,2,0
CUST-00593,2025-04-15,Consumer,42,113.97,2,8.33,2,0
CUST-00593,2025-07-15,Consumer,45,113.97,1,8.6,2,0
CUST-00593,2025-10-15,Consumer,48,113.97,3,7.72,3,0
CUST-00594,2025-01-15,SMB,7,156.44,1,9.59,2,0
CUST-00594,2025-04-15,SMB,10,156.44,0,9.64,2,0
CUST-00594,2025-07-15,SMB,13,156.44,0,8.94,2,0
CUST-00594,2025-10-15,SMB,16,156.44,1,9.15,2,0
CUST-00595,2025-01-15,Consumer,23,94.16,1,6.64,1,0
CUST-00595,2025-04-15,Consumer,26,94.16,0,6.22,2,0
CUST-00595,2025-07-15,Consumer,29,94.16,2,5.82,2,0
CUST-00595,2025-10-15,Consumer,32,94.16,0,6.1,2,0
CUST-00596,2025-01-15,Consumer,12,99.58,3,8.12,1,0
CUST-00596,2025-04-15,Consumer,15,99.58,2,7.93,1,0
CUST-00596,2025-07-15,Consumer,18,99.58,4,7.28,2,0
CUST-00596,2025-10-15,Consumer,21,99.58,2,7.12,2,0
CUST-00597,2025-01-15,SMB,37,72.68,3,6.03,1,0
CUST-00597,2025-04-15,SMB,40,72.68,5,6.2,1,0
CUST-00597,2025-07-15,SMB,43,72.68,2,6.81,1,0
CUST-00597,2025-10-15,SMB,46,72.68,4,6.13,1,0
CUST-00598,2025-01-15,SMB,53,39.74,1,7.71,0,0
CUST-00598,2025-04-15,SMB,56,39.74,0,8.45,0,0
CUST-00598,2025-07-15,SMB,59,39.74,0,9.02,0,0
CUST-00598,2025-10-15,SMB,62,39.74,0,8.59,0,0
CUST-00599,2025-01-15,Enterprise,70,69.93,3,4.05,2,0
CUST-00599,2025-04-15,Enterprise,73,69.93,3,4.25,2,0
CUST-00599,2025-07-15,Enterprise,76,69.93,3,4.45,2,1
CUST-00600,2025-01-15,SMB,29,57.68,5,7.79,0,0
CUST-00600,2025-04-15,SMB,32,57.68,3,7.69,0,0
CUST-00600,2025-07-15,SMB,35,57.68,4,7.34,0,0
CUST-00600,2025-10-15,SMB,38,57.68,5,6.52,1,0
CUST-00601,2025-01-15,Consumer,63,48.82,0,6.82,3,0
CUST-00601,2025-04-15,Consumer,66,48.82,2,6.51,4,0
CUST-00601,2025-07-15,Consumer,69,48.82,1,6.37,4,0
CUST-00601,2025-10-15,Consumer,72,48.82,2,5.64,4,0
CUST-00602,2025-01-15,SMB,16,128.06,4,6.38,2,0
CUST-00602,2025-04-15,SMB,19,128.06,3,6.3,2,0
CUST-00602,2025-07-15,SMB,22,128.06,4,6.96,2,1
CUST-00603,2025-01-15,Enterprise,57,91.82,2,6.73,1,0
CUST-00603,2025-04-15,Enterprise,60,91.82,2,6.7,1,0
CUST-00603,2025-07-15,Enterprise,63,91.82,3,6.72,1,0
CUST-00603,2025-10-15,Enterprise,66,91.82,3,6.63,1,0
CUST-00604,2025-01-15,SMB,41,94.49,1,6.03,0,0
CUST-00604,2025-04-15,SMB,44,94.49,1,5.68,0,0
CUST-00604,2025-07-15,SMB,47,94.49,2,5.52,0,0
CUST-00604,2025-10-15,SMB,50,94.49,1,4.7,0,0
CUST-00605,2025-01-15,Enterprise,55,77.27,3,8.34,2,0
CUST-00605,2025-04-15,Enterprise,58,77.27,7,8.75,2,0
CUST-00605,2025-07-15,Enterprise,61,77.27,2,7.86,2,0
CUST-00605,2025-10-15,Enterprise,64,77.27,5,7.48,2,0
CUST-00606,2025-01-15,SMB,55,80.68,3,5.26,2,0
CUST-00606,2025-04-15,SMB,58,80.68,3,5.4,3,0
CUST-00606,2025-07-15,SMB,61,80.68,2,5.81,3,0
CUST-00606,2025-10-15,SMB,64,80.68,4,5.69,4,0
CUST-00607,2025-01-15,Enterprise,39,109.11,2,8.84,2,0
CUST-00607,2025-04-15,Enterprise,42,109.11,0,9.46,3,0
CUST-00607,2025-07-15,Enterprise,45,109.11,2,9.26,3,0
CUST-00607,2025-10-15,Enterprise,48,109.11,1,8.83,3,0
CUST-00608,2025-01-15,Consumer,19,84.19,1,10.0,2,0
CUST-00608,2025-04-15,Consumer,22,84.19,0,9.89,2,0
CUST-00608,2025-07-15,Consumer,25,84.19,3,9.72,3,0
CUST-00608,2025-10-15,Consumer,28,84.19,2,9.7,3,0
CUST-00609,2025-01-15,SMB,38,98.27,7,9.77,2,0
CUST-00609,2025-04-15,SMB,41,98.27,6,10.0,2,0
CUST-00609,2025-07-15,SMB,44,98.27,8,9.07,2,0
CUST-00609,2025-10-15,SMB,47,98.27,7,8.67,2,0
CUST-00610,2025-01-15,Consumer,60,80.1,3,4.66,1,0
CUST-00610,2025-04-15,Consumer,63,80.1,4,5.32,1,0
CUST-00610,2025-07-15,Consumer,66,80.1,2,5.11,2,0
CUST-00610,2025-10-15,Consumer,69,80.1,5,4.92,2,0
CUST-00611,2025-01-15,SMB,70,76.45,2,5.92,2,0
CUST-00611,2025-04-15,SMB,73,76.45,3,5.9,3,0
CUST-00611,2025-07-15,SMB,76,76.45,1,5.96,3,0
CUST-00611,2025-10-15,SMB,79,76.45,2,5.23,4,0
CUST-00612,2025-01-15,SMB,67,49.83,2,8.09,3,0
CUST-00612,2025-04-15,SMB,70,49.83,1,7.79,3,0
CUST-00612,2025-07-15,SMB,73,49.83,1,7.76,3,0
CUST-00612,2025-10-15,SMB,76,49.83,2,7.28,3,0
CUST-00613,2025-01-15,Enterprise,14,35.56,2,6.91,1,0
CUST-00613,2025-04-15,Enterprise,17,35.56,1,6.94,1,0
CUST-00613,2025-07-15,Enterprise,20,35.56,2,6.58,1,0
CUST-00613,2025-10-15,Enterprise,23,35.56,1,5.98,1,0
CUST-00614,2025-01-15,Enterprise,44,78.46,7,4.47,1,0
CUST-00614,2025-04-15,Enterprise,47,78.46,6,4.33,1,0
CUST-00614,2025-07-15,Enterprise,50,78.46,7,4.36,1,0
CUST-00614,2025-10-15,Enterprise,53,78.46,7,4.28,1,0
CUST-00615,2025-01-15,Consumer,8,86.41,4,7.58,2,0
CUST-00615,2025-04-15,Consumer,11,86.41,3,8.01,2,0
CUST-00615,2025-07-15,Consumer,14,86.41,3,7.71,2,0
CUST-00615,2025-10-15,Consumer,17,86.41,3,7.09,2,0
CUST-00616,2025-01-15,SMB,49,52.85,3,8.03,3,0
CUST-00616,2025-04-15,SMB,52,52.85,4,7.9,3,0
CUST-00616,2025-07-15,SMB,55,52.85,5,8.26,3,0
CUST-00616,2025-10-15,SMB,58,52.85,2,8.21,3,0
CUST-00617,2025-01-15,SMB,72,84.14,0,9.81,0,0
CUST-00617,2025-04-15,SMB,75,84.14,1,9.16,0,0
CUST-00617,2025-07-15,SMB,78,84.14,0,9.92,0,0
CUST-00617,2025-10-15,SMB,81,84.14,3,9.56,1,0
CUST-00618,2025-01-15,Consumer,4,86.34,3,6.47,1,0
CUST-00618,2025-04-15,Consumer,7,86.34,1,6.45,1,0
CUST-00618,2025-07-15,Consumer,10,86.34,5,5.96,1,0
CUST-00618,2025-10-15,Consumer,13,86.34,2,5.76,1,0
CUST-00619,2025-01-15,Consumer,48,31.1,2,9.07,1,0
CUST-00619,2025-04-15,Consumer,51,31.1,2,8.65,1,0
CUST-00619,2025-07-15,Consumer,54,31.1,3,8.8,2,0
CUST-00619,2025-10-15,Consumer,57,31.1,3,8.71,2,0
CUST-00620,2025-01-15,Consumer,69,62.12,4,5.24,3,0
CUST-00620,2025-04-15,Consumer,72,62.12,5,4.58,3,1
CUST-00621,2025-01-15,SMB,61,95.18,2,5.62,1,0
CUST-00621,2025-04-15,SMB,64,95.18,0,6.05,1,0
CUST-00621,2025-07-15,SMB,67,95.18,1,5.72,2,0
CUST-00621,2025-10-15,SMB,70,95.18,1,4.91,2,0
CUST-00622,2025-01-15,Consumer,29,94.68,1,8.8,0,0
CUST-00622,2025-04-15,Consumer,32,94.68,2,8.09,0,0
CUST-00622,2025-07-15,Consumer,35,94.68,2,8.06,0,0
CUST-00622,2025-10-15,Consumer,38,94.68,3,7.7,0,0
CUST-00623,2025-01-15,Enterprise,8,56.16,1,8.21,3,0
CUST-00623,2025-04-15,Enterprise,11,56.16,0,8.39,3,0
CUST-00623,2025-07-15,Enterprise,14,56.16,0,8.38,3,0
CUST-00623,2025-10-15,Enterprise,17,56.16,1,7.89,3,0
CUST-00624,2025-01-15,Consumer,67,88.96,3,5.41,2,0
CUST-00624,2025-04-15,Consumer,70,88.96,4,5.09,2,0
CUST-00624,2025-07-15,Consumer,73,88.96,3,5.22,2,0
CUST-00624,2025-10-15,Consumer,76,88.96,3,4.93,3,0
CUST-00625,2025-01-15,Enterprise,67,110.56,0,7.23,0,0
CUST-00625,2025-04-15,Enterprise,70,110.56,1,7.48,0,0
CUST-00625,2025-07-15,Enterprise,73,110.56,0,7.71,0,0
CUST-00625,2025-10-15,Enterprise,76,110.56,0,6.96,0,0
CUST-00626,2025-01-15,Consumer,42,104.43,1,5.35,0,0
CUST-00626,2025-04-15,Consumer,45,104.43,1,5.16,0,0
CUST-00626,2025-07-15,Consumer,48,104.43,1,5.46,0,0
CUST-00626,2025-10-15,Consumer,51,104.43,1,5.07,0,0
CUST-00627,2025-01-15,SMB,71,82.62,0,6.83,0,0
CUST-00627,2025-04-15,SMB,74,82.62,1,6.56,0,0
CUST-00627,2025-07-15,SMB,77,82.62,1,7.11,1,0
CUST-00627,2025-10-15,SMB,80,82.62,1,6.5,1,0
CUST-00628,2025-01-15,Consumer,1,73.3,2,8.64,4,0
CUST-00628,2025-04-15,Consumer,4,73.3,2,9.67,4,0
CUST-00628,2025-07-15,Consumer,7,73.3,4,9.94,4,0
CUST-00628,2025-10-15,Consumer,10,73.3,3,9.95,4,0
CUST-00629,2025-01-15,SMB,45,69.27,4,6.81,2,0
CUST-00629,2025-04-15,SMB,48,69.27,4,7.5,2,0
CUST-00629,2025-07-15,SMB,51,69.27,4,7.6,3,0
CUST-00629,2025-10-15,SMB,54,69.27,3,7.44,3,0
CUST-00630,2025-01-15,SMB,3,96.7,4,6.69,0,0
CUST-00630,2025-04-15,SMB,6,96.7,1,6.39,1,0
CUST-00630,2025-07-15,SMB,9,96.7,1,6.14,1,0
CUST-00630,2025-10-15,SMB,12,96.7,3,5.7,1,0
CUST-00631,2025-01-15,Enterprise,68,89.88,2,5.42,2,0
CUST-00631,2025-04-15,Enterprise,71,89.88,4,5.06,2,0
CUST-00631,2025-07-15,Enterprise,74,89.88,3,5.77,2,1
CUST-00632,2025-01-15,SMB,49,100.74,3,6.45,0,0
CUST-00632,2025-04-15,SMB,52,100.74,4,6.37,0,0
CUST-00632,2025-07-15,SMB,55,100.74,3,6.1,1,0
CUST-00632,2025-10-15,SMB,58,100.74,3,5.55,2,0
CUST-00633,2025-01-15,Consumer,66,88.3,0,9.39,2,0
CUST-00633,2025-04-15,Consumer,69,88.3,1,9.07,2,0
CUST-00633,2025-07-15,Consumer,72,88.3,0,9.04,3,0
CUST-00633,2025-10-15,Consumer,75,88.3,2,9.25,3,0
CUST-00634,2025-01-15,Consumer,41,105.47,3,7.01,2,0
CUST-00634,2025-04-15,Consumer,44,105.47,5,7.74,2,0
CUST-00634,2025-07-15,Consumer,47,105.47,5,7.59,3,0
CUST-00634,2025-10-15,Consumer,50,105.47,4,7.48,4,0
CUST-00635,2025-01-15,Consumer,6,87.36,4,5.2,2,0
CUST-00635,2025-04-15,Consumer,9,87.36,1,4.93,3,0
CUST-00635,2025-07-15,Consumer,12,87.36,3,4.99,3,0
CUST-00635,2025-10-15,Consumer,15,87.36,2,4.29,4,0
CUST-00636,2025-01-15,Consumer,2,104.62,0,6.61,1,0
CUST-00636,2025-04-15,Consumer,5,104.62,1,6.46,1,0
CUST-00636,2025-07-15,Consumer,8,104.62,0,6.59,1,1
CUST-00637,2025-01-15,SMB,25,106.77,3,4.16,2,0
CUST-00637,2025-04-15,SMB,28,106.77,5,4.07,2,0
CUST-00637,2025-07-15,SMB,31,106.77,2,3.37,2,0
CUST-00637,2025-10-15,SMB,34,106.77,4,3.11,2,0
CUST-00638,2025-01-15,SMB,54,64.89,3,5.69,1,0
CUST-00638,2025-04-15,SMB,57,64.89,1,6.26,2,0
CUST-00638,2025-07-15,SMB,60,64.89,1,6.48,2,0
CUST-00638,2025-10-15,SMB,63,64.89,1,6.03,2,0
CUST-00639,2025-01-15,SMB,11,39.8,1,9.12,2,0
CUST-00639,2025-04-15,SMB,14,39.8,0,9.19,3,0
CUST-00639,2025-07-15,SMB,17,39.8,0,8.83,4,0
CUST-00639,2025-10-15,SMB,20,39.8,1,8.54,4,0
CUST-00640,2025-01-15,Enterprise,62,123.59,1,6.73,3,0
CUST-00640,2025-04-15,Enterprise,65,123.59,3,6.54,3,0
CUST-00640,2025-07-15,Enterprise,68,123.59,2,6.25,3,0
CUST-00640,2025-10-15,Enterprise,71,123.59,2,6.95,3,0
CUST-00641,2025-01-15,SMB,18,91.42,4,9.76,1,0
CUST-00641,2025-04-15,SMB,21,91.42,4,9.8,2,0
CUST-00641,2025-07-15,SMB,24,91.42,4,9.37,3,0
CUST-00641,2025-10-15,SMB,27,91.42,4,9.34,4,0
CUST-00642,2025-01-15,SMB,36,42.14,4,7.02,2,0
CUST-00642,2025-04-15,SMB,39,42.14,6,7.24,2,0
CUST-00642,2025-07-15,SMB,42,42.14,3,6.87,2,0
CUST-00642,2025-10-15,SMB,45,42.14,4,6.82,2,0
CUST-00643,2025-01-15,Consumer,15,67.15,5,7.12,1,0
CUST-00643,2025-04-15,Consumer,18,67.15,4,7.29,1,0
CUST-00643,2025-07-15,Consumer,21,67.15,4,7.84,1,0
CUST-00643,2025-10-15,Consumer,24,67.15,5,7.58,1,0
CUST-00644,2025-01-15,Consumer,34,104.3,5,8.74,2,0
CUST-00644,2025-04-15,Consumer,37,104.3,6,9.13,2,1
CUST-00645,2025-01-15,SMB,33,78.01,3,2.74,1,0
CUST-00645,2025-04-15,SMB,36,78.01,4,3.18,2,0
CUST-00645,2025-07-15,SMB,39,78.01,2,2.7,2,0
CUST-00645,2025-10-15,SMB,42,78.01,2,2.7,2,0
CUST-00646,2025-01-15,Enterprise,1,72.2,1,6.55,2,0
CUST-00646,2025-04-15,Enterprise,4,72.2,3,6.8,2,0
CUST-00646,2025-07-15,Enterprise,7,72.2,1,6.99,3,0
CUST-00646,2025-10-15,Enterprise,10,72.2,2,6.35,4,0
CUST-00647,2025-01-15,Consumer,41,120.02,2,6.9,2,0
CUST-00647,2025-04-15,Consumer,44,120.02,0,6.38,2,0
CUST-00647,2025-07-15,Consumer,47,120.02,3,6.57,3,0
CUST-00647,2025-10-15,Consumer,50,120.02,2,6.4,4,0
CUST-00648,2025-01-15,Consumer,57,58.82,2,8.58,2,0
CUST-00648,2025-04-15,Consumer,60,58.82,2,9.02,3,0
CUST-00648,2025-07-15,Consumer,63,58.82,1,8.83,3,0
CUST-00648,2025-10-15,Consumer,66,58.82,3,8.92,4,0
CUST-00649,2025-01-15,SMB,68,65.05,3,8.01,3,0
CUST-00649,2025-04-15,SMB,71,65.05,3,7.81,3,0
CUST-00649,2025-07-15,SMB,74,65.05,3,8.29,3,0
CUST-00649,2025-10-15,SMB,77,65.05,2,8.44,3,0
CUST-00650,2025-01-15,Consumer,24,90.28,4,4.78,1,0
CUST-00650,2025-04-15,Consumer,27,90.28,5,5.15,2,0
CUST-00650,2025-07-15,Consumer,30,90.28,4,5.29,2,0
CUST-00650,2025-10-15,Consumer,33,90.28,3,5.64,2,0
CUST-00651,2025-01-15,Consumer,64,94.76,3,9.09,4,0
CUST-00651,2025-04-15,Consumer,67,94.76,1,9.02,4,0
CUST-00651,2025-07-15,Consumer,70,94.76,1,9.31,4,0
CUST-00651,2025-10-15,Consumer,73,94.76,0,9.35,4,0
CUST-00652,2025-01-15,Enterprise,64,97.41,2,6.82,3,0
CUST-00652,2025-04-15,Enterprise,67,97.41,0,7.1,3,0
CUST-00652,2025-07-15,Enterprise,70,97.41,0,7.53,3,0
CUST-00652,2025-10-15,Enterprise,73,97.41,0,7.31,4,1
CUST-00653,2025-01-15,SMB,72,107.78,6,5.28,3,0
CUST-00653,2025-04-15,SMB,75,107.78,5,5.62,3,0
CUST-00653,2025-07-15,SMB,78,107.78,1,5.69,3,0
CUST-00653,2025-10-15,SMB,81,107.78,3,5.16,3,1
CUST-00654,2025-01-15,Consumer,27,89.96,3,8.03,0,0
CUST-00654,2025-04-15,Consumer,30,89.96,1,8.63,0,0
CUST-00654,2025-07-15,Consumer,33,89.96,3,8.81,0,0
CUST-00654,2025-10-15,Consumer,36,89.96,3,8.94,0,0
CUST-00655,2025-01-15,Enterprise,62,97.23,2,6.01,3,0
CUST-00655,2025-04-15,Enterprise,65,97.23,2,6.43,3,0
CUST-00655,2025-07-15,Enterprise,68,97.23,1,6.51,4,0
CUST-00655,2025-10-15,Enterprise,71,97.23,3,5.62,5,0
CUST-00656,2025-01-15,Consumer,41,78.52,5,9.27,0,0
CUST-00656,2025-04-15,Consumer,44,78.52,4,9.34,1,0
CUST-00656,2025-07-15,Consumer,47,78.52,1,9.6,2,0
CUST-00656,2025-10-15,Consumer,50,78.52,4,9.28,2,0
CUST-00657,2025-01-15,Enterprise,5,86.57,2,7.26,0,0
CUST-00657,2025-04-15,Enterprise,8,86.57,2,6.61,0,0
CUST-00657,2025-07-15,Enterprise,11,86.57,2,6.92,0,0
CUST-00657,2025-10-15,Enterprise,14,86.57,0,6.43,0,0
CUST-00658,2025-01-15,Consumer,20,87.69,2,7.7,3,1
CUST-00659,2025-01-15,SMB,49,90.38,0,8.5,2,0
CUST-00659,2025-04-15,SMB,52,90.38,0,8.21,2,0
CUST-00659,2025-07-15,SMB,55,90.38,0,7.74,2,0
CUST-00659,2025-10-15,SMB,58,90.38,1,7.37,2,0
CUST-00660,2025-01-15,Consumer,12,104.31,0,8.65,3,0
CUST-00660,2025-04-15,Consumer,15,104.31,1,8.68,3,0
CUST-00660,2025-07-15,Consumer,18,104.31,1,8.07,4,0
CUST-00660,2025-10-15,Consumer,21,104.31,0,8.28,5,0
CUST-00661,2025-01-15,Consumer,32,98.88,3,8.52,0,0
CUST-00661,2025-04-15,Consumer,35,98.88,3,8.7,0,0
CUST-00661,2025-07-15,Consumer,38,98.88,3,8.43,0,0
CUST-00661,2025-10-15,Consumer,41,98.88,4,8.21,0,0
CUST-00662,2025-01-15,Enterprise,56,86.11,3,8.61,4,0
CUST-00662,2025-04-15,Enterprise,59,86.11,2,8.33,4,0
CUST-00662,2025-07-15,Enterprise,62,86.11,0,8.62,4,0
CUST-00662,2025-10-15,Enterprise,65,86.11,4,8.06,4,1
CUST-00663,2025-01-15,Consumer,11,64.77,5,7.88,2,0
CUST-00663,2025-04-15,Consumer,14,64.77,6,7.68,3,0
CUST-00663,2025-07-15,Consumer,17,64.77,5,7.68,3,1
CUST-00664,2025-01-15,Consumer,36,86.69,7,7.71,1,0
CUST-00664,2025-04-15,Consumer,39,86.69,4,8.25,1,0
CUST-00664,2025-07-15,Consumer,42,86.69,5,8.62,1,0
CUST-00664,2025-10-15,Consumer,45,86.69,5,7.87,1,0
CUST-00665,2025-01-15,Consumer,16,84.3,3,9.01,1,1
CUST-00666,2025-01-15,SMB,39,89.83,3,7.26,1,0
CUST-00666,2025-04-15,SMB,42,89.83,2,7.35,1,0
CUST-00666,2025-07-15,SMB,45,89.83,2,8.04,1,0
CUST-00666,2025-10-15,SMB,48,89.83,3,8.06,1,0
CUST-00667,2025-01-15,SMB,18,140.16,0,7.24,1,0
CUST-00667,2025-04-15,SMB,21,140.16,1,7.41,2,0
CUST-00667,2025-07-15,SMB,24,140.16,1,7.68,3,0
CUST-00667,2025-10-15,SMB,27,140.16,0,7.15,3,0
CUST-00668,2025-01-15,Enterprise,70,71.91,0,9.77,0,0
CUST-00668,2025-04-15,Enterprise,73,71.91,0,9.61,1,0
CUST-00668,2025-07-15,Enterprise,76,71.91,0,9.97,2,0
CUST-00668,2025-10-15,Enterprise,79,71.91,0,10.0,2,1
CUST-00669,2025-01-15,Consumer,6,95.56,2,9.5,2,0
CUST-00669,2025-04-15,Consumer,9,95.56,2,9.42,2,0
CUST-00669,2025-07-15,Consumer,12,95.56,2,9.78,2,0
CUST-00669,2025-10-15,Consumer,15,95.56,1,8.78,2,1
CUST-00670,2025-01-15,Consumer,70,111.71,2,6.97,0,0
CUST-00670,2025-04-15,Consumer,73,111.71,1,7.39,1,0
CUST-00670,2025-07-15,Consumer,76,111.71,3,7.71,1,0
CUST-00670,2025-10-15,Consumer,79,111.71,2,7.94,1,0
CUST-00671,2025-01-15,Consumer,58,87.45,6,6.74,1,0
CUST-00671,2025-04-15,Consumer,61,87.45,8,6.77,1,0
CUST-00671,2025-07-15,Consumer,64,87.45,6,7.09,1,0
CUST-00671,2025-10-15,Consumer,67,87.45,8,6.86,1,0
CUST-00672,2025-01-15,SMB,62,143.45,3,9.67,0,0
CUST-00672,2025-04-15,SMB,65,143.45,1,9.93,0,0
CUST-00672,2025-07-15,SMB,68,143.45,1,10.0,0,0
CUST-00672,2025-10-15,SMB,71,143.45,2,9.9,0,0
CUST-00673,2025-01-15,Enterprise,62,75.55,3,8.21,5,0
CUST-00673,2025-04-15,Enterprise,65,75.55,3,8.39,5,0
CUST-00673,2025-07-15,Enterprise,68,75.55,2,9.12,5,0
CUST-00673,2025-10-15,Enterprise,71,75.55,2,8.63,6,0
CUST-00674,2025-01-15,SMB,14,93.1,3,8.24,3,0
CUST-00674,2025-04-15,SMB,17,93.1,3,7.67,3,0
CUST-00674,2025-07-15,SMB,20,93.1,2,7.85,3,0
CUST-00674,2025-10-15,SMB,23,93.1,3,7.6,3,0
CUST-00675,2025-01-15,SMB,68,65.03,1,6.26,1,0
CUST-00675,2025-04-15,SMB,71,65.03,1,6.44,1,0
CUST-00675,2025-07-15,SMB,74,65.03,2,5.96,1,0
CUST-00675,2025-10-15,SMB,77,65.03,3,5.36,2,0
CUST-00676,2025-01-15,Consumer,43,76.21,0,7.75,1,0
CUST-00676,2025-04-15,Consumer,46,76.21,2,6.87,1,0
CUST-00676,2025-07-15,Consumer,49,76.21,0,6.92,1,0
CUST-00676,2025-10-15,Consumer,52,76.21,0,6.71,1,0
CUST-00677,2025-01-15,Enterprise,70,91.22,2,7.18,2,0
CUST-00677,2025-04-15,Enterprise,73,91.22,4,7.13,2,0
CUST-00677,2025-07-15,Enterprise,76,91.22,5,7.16,2,0
CUST-00677,2025-10-15,Enterprise,79,91.22,3,6.71,2,0
CUST-00678,2025-01-15,Consumer,64,106.16,5,5.6,2,0
CUST-00678,2025-04-15,Consumer,67,106.16,5,5.13,2,0
CUST-00678,2025-07-15,Consumer,70,106.16,5,4.75,2,0
CUST-00678,2025-10-15,Consumer,73,106.16,6,4.25,2,0
CUST-00679,2025-01-15,Consumer,42,92.98,1,7.55,0,0
CUST-00679,2025-04-15,Consumer,45,92.98,1,7.42,0,0
CUST-00679,2025-07-15,Consumer,48,92.98,1,6.95,0,0
CUST-00679,2025-10-15,Consumer,51,92.98,3,7.18,1,0
CUST-00680,2025-01-15,Consumer,27,116.48,0,7.2,0,0
CUST-00680,2025-04-15,Consumer,30,116.48,2,7.18,1,0
CUST-00680,2025-07-15,Consumer,33,116.48,2,7.47,1,0
CUST-00680,2025-10-15,Consumer,36,116.48,2,7.01,1,0
CUST-00681,2025-01-15,Consumer,9,82.63,2,6.76,2,0
CUST-00681,2025-04-15,Consumer,12,82.63,3,7.03,2,0
CUST-00681,2025-07-15,Consumer,15,82.63,3,7.13,2,0
CUST-00681,2025-10-15,Consumer,18,82.63,3,6.62,2,0
CUST-00682,2025-01-15,Consumer,8,76.7,3,8.26,1,0
CUST-00682,2025-04-15,Consumer,11,76.7,3,8.14,1,0
CUST-00682,2025-07-15,Consumer,14,76.7,4,7.87,2,1
CUST-00683,2025-01-15,Consumer,29,152.6,4,8.94,1,0
CUST-00683,2025-04-15,Consumer,32,152.6,5,8.9,1,0
CUST-00683,2025-07-15,Consumer,35,152.6,5,8.73,1,1
CUST-00684,2025-01-15,Consumer,59,94.86,4,8.7,3,0
CUST-00684,2025-04-15,Consumer,62,94.86,3,8.85,3,0
CUST-00684,2025-07-15,Consumer,65,94.86,4,8.65,3,0
CUST-00684,2025-10-15,Consumer,68,94.86,3,8.76,3,0
CUST-00685,2025-01-15,SMB,37,67.01,0,6.52,1,0
CUST-00685,2025-04-15,SMB,40,67.01,0,6.46,1,0
CUST-00685,2025-07-15,SMB,43,67.01,0,6.59,1,0
CUST-00685,2025-10-15,SMB,46,67.01,1,5.7,2,0
CUST-00686,2025-01-15,Consumer,35,67.64,0,8.3,2,0
CUST-00686,2025-04-15,Consumer,38,67.64,1,8.45,3,0
CUST-00686,2025-07-15,Consumer,41,67.64,2,8.55,3,0
CUST-00686,2025-10-15,Consumer,44,67.64,1,8.65,4,0
CUST-00687,2025-01-15,Consumer,18,61.43,4,7.72,3,0
CUST-00687,2025-04-15,Consumer,21,61.43,3,7.65,4,0
CUST-00687,2025-07-15,Consumer,24,61.43,3,6.83,4,0
CUST-00687,2025-10-15,Consumer,27,61.43,2,6.82,4,0
CUST-00688,2025-01-15,Enterprise,41,108.41,4,5.65,1,0
CUST-00688,2025-04-15,Enterprise,44,108.41,3,6.35,2,0
CUST-00688,2025-07-15,Enterprise,47,108.41,2,6.55,2,0
CUST-00688,2025-10-15,Enterprise,50,108.41,3,6.21,2,0
CUST-00689,2025-01-15,SMB,46,75.89,2,8.42,2,0
CUST-00689,2025-04-15,SMB,49,75.89,2,8.82,2,0
CUST-00689,2025-07-15,SMB,52,75.89,0,8.56,2,0
CUST-00689,2025-10-15,SMB,55,75.89,1,8.01,2,0
CUST-00690,2025-01-15,Consumer,71,88.18,4,7.46,1,0
CUST-00690,2025-04-15,Consumer,74,88.18,4,7.32,1,0
CUST-00690,2025-07-15,Consumer,77,88.18,3,7.23,1,0
CUST-00690,2025-10-15,Consumer,80,88.18,2,6.58,1,0
CUST-00691,2025-01-15,Consumer,53,83.41,1,10.0,1,0
CUST-00691,2025-04-15,Consumer,56,83.41,1,10.0,2,0
CUST-00691,2025-07-15,Consumer,59,83.41,2,10.0,2,0
CUST-00691,2025-10-15,Consumer,62,83.41,1,10.0,2,0
CUST-00692,2025-01-15,Enterprise,44,103.29,2,9.43,3,0
CUST-00692,2025-04-15,Enterprise,47,103.29,2,9.3,3,0
CUST-00692,2025-07-15,Enterprise,50,103.29,2,8.89,3,0
CUST-00692,2025-10-15,Enterprise,53,103.29,2,8.58,3,0
CUST-00693,2025-01-15,Consumer,66,63.83,3,8.59,2,0
CUST-00693,2025-04-15,Consumer,69,63.83,3,8.74,2,0
CUST-00693,2025-07-15,Consumer,72,63.83,5,8.57,2,0
CUST-00693,2025-10-15,Consumer,75,63.83,2,8.07,2,0
CUST-00694,2025-01-15,Consumer,31,58.11,1,7.65,2,0
CUST-00694,2025-04-15,Consumer,34,58.11,1,7.46,2,0
CUST-00694,2025-07-15,Consumer,37,58.11,3,7.43,3,0
CUST-00694,2025-10-15,Consumer,40,58.11,1,6.9,3,0
CUST-00695,2025-01-15,Enterprise,68,90.61,1,7.99,2,0
CUST-00695,2025-04-15,Enterprise,71,90.61,1,7.98,2,0
CUST-00695,2025-07-15,Enterprise,74,90.61,3,7.77,2,0
CUST-00695,2025-10-15,Enterprise,77,90.61,2,7.18,2,0
CUST-00696,2025-01-15,Consumer,27,100.02,6,5.5,2,0
CUST-00696,2025-04-15,Consumer,30,100.02,2,5.27,2,0
CUST-00696,2025-07-15,Consumer,33,100.02,5,5.54,2,0
CUST-00696,2025-10-15,Consumer,36,100.02,5,5.05,2,0
CUST-00697,2025-01-15,SMB,10,93.31,5,4.73,1,0
CUST-00697,2025-04-15,SMB,13,93.31,5,4.36,2,0
CUST-00697,2025-07-15,SMB,16,93.31,6,4.23,3,0
CUST-00697,2025-10-15,SMB,19,93.31,4,4.08,3,0
CUST-00698,2025-01-15,SMB,31,64.76,3,6.32,1,0
CUST-00698,2025-04-15,SMB,34,64.76,1,6.2,1,0
CUST-00698,2025-07-15,SMB,37,64.76,3,5.98,2,0
CUST-00698,2025-10-15,SMB,40,64.76,3,5.37,2,0
CUST-00699,2025-01-15,SMB,10,101.94,6,7.52,1,0
CUST-00699,2025-04-15,SMB,13,101.94,3,7.28,1,0
CUST-00699,2025-07-15,SMB,16,101.94,4,7.06,1,0
CUST-00699,2025-10-15,SMB,19,101.94,3,7.41,1,0
CUST-00700,2025-01-15,Consumer,9,66.4,3,4.07,3,0
CUST-00700,2025-04-15,Consumer,12,66.4,5,3.82,3,0
CUST-00700,2025-07-15,Consumer,15,66.4,4,3.53,3,0
CUST-00700,2025-10-15,Consumer,18,66.4,5,3.1,3,0
CUST-00701,2025-01-15,Consumer,64,71.96,2,6.87,4,0
CUST-00701,2025-04-15,Consumer,67,71.96,5,7.03,5,0
CUST-00701,2025-07-15,Consumer,70,71.96,2,7.13,5,1
CUST-00702,2025-01-15,Consumer,58,61.4,3,6.98,1,0
CUST-00702,2025-04-15,Consumer,61,61.4,1,6.87,1,0
CUST-00702,2025-07-15,Consumer,64,61.4,2,7.21,1,0
CUST-00702,2025-10-15,Consumer,67,61.4,1,6.68,1,0
CUST-00703,2025-01-15,Consumer,16,117.53,5,7.29,0,0
CUST-00703,2025-04-15,Consumer,19,117.53,3,7.31,0,1
CUST-00704,2025-01-15,Enterprise,61,100.84,3,6.03,2,0
CUST-00704,2025-04-15,Enterprise,64,100.84,5,5.38,3,0
CUST-00704,2025-07-15,Enterprise,67,100.84,5,5.29,4,0
CUST-00704,2025-10-15,Enterprise,70,100.84,5,5.42,4,0
CUST-00705,2025-01-15,Consumer,5,100.12,2,6.87,0,0
CUST-00705,2025-04-15,Consumer,8,100.12,2,6.17,0,0
CUST-00705,2025-07-15,Consumer,11,100.12,2,6.53,0,0
CUST-00705,2025-10-15,Consumer,14,100.12,3,5.91,0,0
CUST-00706,2025-01-15,SMB,21,116.18,1,9.3,1,0
CUST-00706,2025-04-15,SMB,24,116.18,3,9.15,1,0
CUST-00706,2025-07-15,SMB,27,116.18,0,9.65,2,1
CUST-00707,2025-01-15,SMB,51,155.32,3,7.96,0,0
CUST-00707,2025-04-15,SMB,54,155.32,3,8.14,0,0
CUST-00707,2025-07-15,SMB,57,155.32,2,8.4,0,0
CUST-00707,2025-10-15,SMB,60,155.32,3,8.34,0,0
CUST-00708,2025-01-15,SMB,22,42.27,6,6.08,0,0
CUST-00708,2025-04-15,SMB,25,42.27,5,5.53,0,0
CUST-00708,2025-07-15,SMB,28,42.27,4,5.82,0,0
CUST-00708,2025-10-15,SMB,31,42.27,4,6.18,1,0
CUST-00709,2025-01-15,Consumer,53,66.54,1,6.85,0,0
CUST-00709,2025-04-15,Consumer,56,66.54,2,6.69,0,0
CUST-00709,2025-07-15,Consumer,59,66.54,2,6.73,0,0
CUST-00709,2025-10-15,Consumer,62,66.54,2,7.01,0,0
CUST-00710,2025-01-15,Consumer,63,69.6,3,6.84,2,0
CUST-00710,2025-04-15,Consumer,66,69.6,4,7.02,2,0
CUST-00710,2025-07-15,Consumer,69,69.6,3,6.74,2,0
CUST-00710,2025-10-15,Consumer,72,69.6,4,6.7,2,0
CUST-00711,2025-01-15,Enterprise,5,63.73,4,5.87,2,0
CUST-00711,2025-04-15,Enterprise,8,63.73,3,6.36,2,0
CUST-00711,2025-07-15,Enterprise,11,63.73,5,5.76,2,1
CUST-00712,2025-01-15,SMB,2,58.06,2,6.24,2,0
CUST-00712,2025-04-15,SMB,5,58.06,2,6.34,2,0
CUST-00712,2025-07-15,SMB,8,58.06,2,6.67,2,0
CUST-00712,2025-10-15,SMB,11,58.06,2,6.36,2,0
CUST-00713,2025-01-15,SMB,68,77.51,1,9.07,4,0
CUST-00713,2025-04-15,SMB,71,77.51,1,10.0,5,0
CUST-00713,2025-07-15,SMB,74,77.51,2,10.0,5,0
CUST-00713,2025-10-15,SMB,77,77.51,0,10.0,5,1
CUST-00714,2025-01-15,Enterprise,38,54.58,3,7.08,0,0
CUST-00714,2025-04-15,Enterprise,41,54.58,1,6.5,1,0
CUST-00714,2025-07-15,Enterprise,44,54.58,4,6.41,1,0
CUST-00714,2025-10-15,Enterprise,47,54.58,4,6.83,1,0
CUST-00715,2025-01-15,SMB,37,93.38,2,5.15,2,0
CUST-00715,2025-04-15,SMB,40,93.38,1,5.16,2,0
CUST-00715,2025-07-15,SMB,43,93.38,1,5.54,3,0
CUST-00715,2025-10-15,SMB,46,93.38,1,5.54,3,0
CUST-00716,2025-01-15,Consumer,34,86.29,7,7.25,1,0
CUST-00716,2025-04-15,Consumer,37,86.29,6,7.95,1,0
CUST-00716,2025-07-15,Consumer,40,86.29,5,8.19,1,0
CUST-00716,2025-10-15,Consumer,43,86.29,7,7.73,1,0
CUST-00717,2025-01-15,SMB,32,97.03,3,7.93,0,0
CUST-00717,2025-04-15,SMB,35,97.03,4,7.97,0,0
CUST-00717,2025-07-15,SMB,38,97.03,2,7.64,0,0
CUST-00717,2025-10-15,SMB,41,97.03,1,7.2,0,0
CUST-00718,2025-01-15,Consumer,50,97.69,3,4.18,1,0
CUST-00718,2025-04-15,Consumer,53,97.69,4,4.3,1,0
CUST-00718,2025-07-15,Consumer,56,97.69,2,4.46,1,0
CUST-00718,2025-10-15,Consumer,59,97.69,3,4.61,1,0
CUST-00719,2025-01-15,SMB,42,100.08,2,6.95,2,0
CUST-00719,2025-04-15,SMB,45,100.08,0,6.55,2,0
CUST-00719,2025-07-15,SMB,48,100.08,4,6.51,2,0
CUST-00719,2025-10-15,SMB,51,100.08,1,6.31,2,0
CUST-00720,2025-01-15,Enterprise,12,75.66,2,8.42,2,0
CUST-00720,2025-04-15,Enterprise,15,75.66,2,8.3,2,0
CUST-00720,2025-07-15,Enterprise,18,75.66,3,7.78,2,0
CUST-00720,2025-10-15,Enterprise,21,75.66,1,7.51,2,0
CUST-00721,2025-01-15,Consumer,46,138.03,3,8.14,4,0
CUST-00721,2025-04-15,Consumer,49,138.03,2,8.33,4,0
CUST-00721,2025-07-15,Consumer,52,138.03,2,8.53,4,0
CUST-00721,2025-10-15,Consumer,55,138.03,2,8.51,4,0
CUST-00722,2025-01-15,Consumer,49,90.86,0,10.0,2,0
CUST-00722,2025-04-15,Consumer,52,90.86,0,9.83,2,0
CUST-00722,2025-07-15,Consumer,55,90.86,1,9.41,2,0
CUST-00722,2025-10-15,Consumer,58,90.86,0,9.51,2,0
CUST-00723,2025-01-15,Consumer,9,38.44,2,8.99,0,0
CUST-00723,2025-04-15,Consumer,12,38.44,2,9.01,0,0
CUST-00723,2025-07-15,Consumer,15,38.44,1,8.88,0,0
CUST-00723,2025-10-15,Consumer,18,38.44,1,8.64,1,0
CUST-00724,2025-01-15,Enterprise,28,59.94,1,9.23,1,0
CUST-00724,2025-04-15,Enterprise,31,59.94,2,8.97,1,0
CUST-00724,2025-07-15,Enterprise,34,59.94,4,8.92,2,0
CUST-00724,2025-10-15,Enterprise,37,59.94,1,8.35,2,0
CUST-00725,2025-01-15,Consumer,57,41.49,5,10.0,1,0
CUST-00725,2025-04-15,Consumer,60,41.49,2,10.0,1,0
CUST-00725,2025-07-15,Consumer,63,41.49,2,10.0,1,0
CUST-00725,2025-10-15,Consumer,66,41.49,3,9.43,2,0
CUST-00726,2025-01-15,Consumer,45,85.43,3,8.12,2,0
CUST-00726,2025-04-15,Consumer,48,85.43,2,7.96,2,0
CUST-00726,2025-07-15,Consumer,51,85.43,1,7.71,2,0
CUST-00726,2025-10-15,Consumer,54,85.43,3,7.53,2,0
CUST-00727,2025-01-15,Consumer,10,81.95,3,7.37,3,0
CUST-00727,2025-04-15,Consumer,13,81.95,4,7.42,3,0
CUST-00727,2025-07-15,Consumer,16,81.95,3,7.49,3,0
CUST-00727,2025-10-15,Consumer,19,81.95,2,7.96,3,0
CUST-00728,2025-01-15,Consumer,3,73.29,0,8.93,1,0
CUST-00728,2025-04-15,Consumer,6,73.29,2,8.86,1,0
CUST-00728,2025-07-15,Consumer,9,73.29,3,8.68,1,0
CUST-00728,2025-10-15,Consumer,12,73.29,3,8.26,1,0
CUST-00729,2025-01-15,Consumer,42,135.27,2,6.31,2,0
CUST-00729,2025-04-15,Consumer,45,135.27,3,6.07,2,0
CUST-00729,2025-07-15,Consumer,48,135.27,4,6.12,2,0
CUST-00729,2025-10-15,Consumer,51,135.27,3,5.66,2,0
CUST-00730,2025-01-15,Consumer,34,98.72,3,7.33,2,0
CUST-00730,2025-04-15,Consumer,37,98.72,1,7.58,2,1
CUST-00731,2025-01-15,Consumer,70,103.15,2,6.14,3,0
CUST-00731,2025-04-15,Consumer,73,103.15,5,6.75,3,0
CUST-00731,2025-07-15,Consumer,76,103.15,5,6.71,3,0
CUST-00731,2025-10-15,Consumer,79,103.15,4,6.72,4,0
CUST-00732,2025-01-15,Consumer,38,61.72,2,8.42,1,0
CUST-00732,2025-04-15,Consumer,41,61.72,1,8.43,1,0
CUST-00732,2025-07-15,Consumer,44,61.72,0,8.16,1,0
CUST-00732,2025-10-15,Consumer,47,61.72,0,7.8,2,0
CUST-00733,2025-01-15,Consumer,68,60.02,5,5.52,0,0
CUST-00733,2025-04-15,Consumer,71,60.02,4,5.02,0,0
CUST-00733,2025-07-15,Consumer,74,60.02,3,4.35,0,0
CUST-00733,2025-10-15,Consumer,77,60.02,4,4.51,1,0
CUST-00734,2025-01-15,Consumer,16,85.92,3,6.22,0,0
CUST-00734,2025-04-15,Consumer,19,85.92,4,5.3,1,0
CUST-00734,2025-07-15,Consumer,22,85.92,5,5.85,1,0
CUST-00734,2025-10-15,Consumer,25,85.92,6,5.37,2,0
CUST-00735,2025-01-15,Consumer,33,89.33,6,8.16,2,0
CUST-00735,2025-04-15,Consumer,36,89.33,4,8.58,2,0
CUST-00735,2025-07-15,Consumer,39,89.33,4,8.8,2,0
CUST-00735,2025-10-15,Consumer,42,89.33,6,8.2,2,0
CUST-00736,2025-01-15,SMB,11,38.59,1,7.1,0,0
CUST-00736,2025-04-15,SMB,14,38.59,2,6.56,1,0
CUST-00736,2025-07-15,SMB,17,38.59,4,7.14,1,0
CUST-00736,2025-10-15,SMB,20,38.59,1,6.92,1,0
CUST-00737,2025-01-15,Consumer,42,80.49,2,4.38,1,1
CUST-00738,2025-01-15,Consumer,14,85.35,4,4.71,0,0
CUST-00738,2025-04-15,Consumer,17,85.35,3,4.4,0,0
CUST-00738,2025-07-15,Consumer,20,85.35,4,4.42,0,0
CUST-00738,2025-10-15,Consumer,23,85.35,4,4.56,1,0
CUST-00739,2025-01-15,Consumer,36,79.62,7,5.8,0,0
CUST-00739,2025-04-15,Consumer,39,79.62,7,6.29,0,0
CUST-00739,2025-07-15,Consumer,42,79.62,9,6.57,0,0
CUST-00739,2025-10-15,Consumer,45,79.62,5,6.32,0,0
CUST-00740,2025-01-15,Consumer,25,64.67,3,5.53,2,0
CUST-00740,2025-04-15,Consumer,28,64.67,3,5.34,2,1
CUST-00741,2025-01-15,Consumer,14,71.51,0,8.19,0,0
CUST-00741,2025-04-15,Consumer,17,71.51,1,8.25,1,0
CUST-00741,2025-07-15,Consumer,20,71.51,1,8.29,2,0
CUST-00741,2025-10-15,Consumer,23,71.51,0,7.67,2,0
CUST-00742,2025-01-15,Consumer,7,80.58,1,7.2,3,0
CUST-00742,2025-04-15,Consumer,10,80.58,2,7.93,3,0
CUST-00742,2025-07-15,Consumer,13,80.58,3,7.82,4,0
CUST-00742,2025-10-15,Consumer,16,80.58,1,8.42,5,0
CUST-00743,2025-01-15,Enterprise,37,87.27,3,8.96,1,0
CUST-00743,2025-04-15,Enterprise,40,87.27,3,9.06,2,0
CUST-00743,2025-07-15,Enterprise,43,87.27,2,9.49,2,0
CUST-00743,2025-10-15,Enterprise,46,87.27,0,9.22,3,0
CUST-00744,2025-01-15,Consumer,69,100.12,5,8.38,4,0
CUST-00744,2025-04-15,Consumer,72,100.12,4,8.7,4,0
CUST-00744,2025-07-15,Consumer,75,100.12,5,8.9,4,0
CUST-00744,2025-10-15,Consumer,78,100.12,5,8.93,4,0
CUST-00745,2025-01-15,Consumer,15,112.02,0,8.51,2,0
CUST-00745,2025-04-15,Consumer,18,112.02,0,8.69,2,0
CUST-00745,2025-07-15,Consumer,21,112.02,1,8.38,2,0
CUST-00745,2025-10-15,Consumer,24,112.02,1,8.14,2,0
CUST-00746,2025-01-15,Consumer,30,77.64,2,8.26,0,0
CUST-00746,2025-04-15,Consumer,33,77.64,2,8.12,0,0
CUST-00746,2025-07-15,Consumer,36,77.64,3,7.63,0,0
CUST-00746,2025-10-15,Consumer,39,77.64,3,7.26,1,0
CUST-00747,2025-01-15,Consumer,17,73.6,2,7.31,1,0
CUST-00747,2025-04-15,Consumer,20,73.6,3,6.82,2,0
CUST-00747,2025-07-15,Consumer,23,73.6,3,6.64,2,0
CUST-00747,2025-10-15,Consumer,26,73.6,2,6.44,2,0
CUST-00748,2025-01-15,Consumer,59,95.94,2,9.13,3,0
CUST-00748,2025-04-15,Consumer,62,95.94,0,9.53,4,0
CUST-00748,2025-07-15,Consumer,65,95.94,2,9.62,5,0
CUST-00748,2025-10-15,Consumer,68,95.94,2,9.18,5,0
CUST-00749,2025-01-15,SMB,30,100.27,3,8.34,1,0
CUST-00749,2025-04-15,SMB,33,100.27,3,8.26,2,0
CUST-00749,2025-07-15,SMB,36,100.27,3,8.16,2,0
CUST-00749,2025-10-15,SMB,39,100.27,2,7.71,2,0
CUST-00750,2025-01-15,SMB,71,74.14,0,7.59,2,0
CUST-00750,2025-04-15,SMB,74,74.14,1,7.39,2,0
CUST-00750,2025-07-15,SMB,77,74.14,1,7.43,2,0
CUST-00750,2025-10-15,SMB,80,74.14,0,7.03,2,0
CUST-00751,2025-01-15,Consumer,18,104.76,0,9.21,2,0
CUST-00751,2025-04-15,Consumer,21,104.76,1,9.55,3,0
CUST-00751,2025-07-15,Consumer,24,104.76,0,9.44,3,0
CUST-00751,2025-10-15,Consumer,27,104.76,0,9.81,3,0
CUST-00752,2025-01-15,Consumer,6,109.49,1,4.13,2,0
CUST-00752,2025-04-15,Consumer,9,109.49,2,4.24,3,0
CUST-00752,2025-07-15,Consumer,12,109.49,1,3.71,4,0
CUST-00752,2025-10-15,Consumer,15,109.49,2,3.35,4,0
CUST-00753,2025-01-15,Consumer,42,117.29,2,6.45,0,0
CUST-00753,2025-04-15,Consumer,45,117.29,5,5.97,0,0
CUST-00753,2025-07-15,Consumer,48,117.29,3,5.81,0,0
CUST-00753,2025-10-15,Consumer,51,117.29,4,5.58,0,0
CUST-00754,2025-01-15,Consumer,47,129.46,3,6.89,0,0
CUST-00754,2025-04-15,Consumer,50,129.46,2,6.26,0,0
CUST-00754,2025-07-15,Consumer,53,129.46,2,6.09,0,0
CUST-00754,2025-10-15,Consumer,56,129.46,4,5.79,0,0
CUST-00755,2025-01-15,SMB,72,63.34,4,8.1,1,0
CUST-00755,2025-04-15,SMB,75,63.34,2,7.86,1,0
CUST-00755,2025-07-15,SMB,78,63.34,4,8.46,1,0
CUST-00755,2025-10-15,SMB,81,63.34,3,8.12,2,0
CUST-00756,2025-01-15,Consumer,63,85.35,0,9.54,1,0
CUST-00756,2025-04-15,Consumer,66,85.35,0,10.0,1,0
CUST-00756,2025-07-15,Consumer,69,85.35,0,9.58,1,0
CUST-00756,2025-10-15,Consumer,72,85.35,0,9.25,1,0
CUST-00757,2025-01-15,Consumer,64,85.28,4,5.28,1,0
CUST-00757,2025-04-15,Consumer,67,85.28,3,4.84,1,0
CUST-00757,2025-07-15,Consumer,70,85.28,4,4.46,1,0
CUST-00757,2025-10-15,Consumer,73,85.28,3,3.99,1,0
CUST-00758,2025-01-15,Enterprise,46,82.55,0,8.42,0,0
CUST-00758,2025-04-15,Enterprise,49,82.55,1,7.78,0,0
CUST-00758,2025-07-15,Enterprise,52,82.55,3,7.86,0,0
CUST-00758,2025-10-15,Enterprise,55,82.55,1,7.63,0,0
CUST-00759,2025-01-15,Consumer,26,68.77,6,5.71,1,0
CUST-00759,2025-04-15,Consumer,29,68.77,7,5.37,1,0
CUST-00759,2025-07-15,Consumer,32,68.77,6,5.06,2,0
CUST-00759,2025-10-15,Consumer,35,68.77,6,4.94,2,0
CUST-00760,2025-01-15,Consumer,31,47.86,4,5.69,2,0
CUST-00760,2025-04-15,Consumer,34,47.86,5,5.36,2,0
CUST-00760,2025-07-15,Consumer,37,47.86,3,5.6,3,0
CUST-00760,2025-10-15,Consumer,40,47.86,5,5.14,3,0
CUST-00761,2025-01-15,SMB,10,87.32,7,6.28,0,0
CUST-00761,2025-04-15,SMB,13,87.32,6,6.11,0,0
CUST-00761,2025-07-15,SMB,16,87.32,9,5.65,0,0
CUST-00761,2025-10-15,SMB,19,87.32,9,5.18,0,0
CUST-00762,2025-01-15,Consumer,32,65.79,1,6.4,1,0
CUST-00762,2025-04-15,Consumer,35,65.79,1,5.92,2,0
CUST-00762,2025-07-15,Consumer,38,65.79,0,6.26,3,0
CUST-00762,2025-10-15,Consumer,41,65.79,1,5.8,3,0
CUST-00763,2025-01-15,Consumer,27,87.15,4,5.06,0,0
CUST-00763,2025-04-15,Consumer,30,87.15,5,4.7,0,0
CUST-00763,2025-07-15,Consumer,33,87.15,4,4.59,1,0
CUST-00763,2025-10-15,Consumer,36,87.15,5,3.97,1,0
CUST-00764,2025-01-15,Consumer,3,65.15,2,8.32,1,0
CUST-00764,2025-04-15,Consumer,6,65.15,1,8.67,2,0
CUST-00764,2025-07-15,Consumer,9,65.15,4,9.23,3,0
CUST-00764,2025-10-15,Consumer,12,65.15,3,8.5,3,0
CUST-00765,2025-01-15,Enterprise,15,57.51,2,8.44,1,0
CUST-00765,2025-04-15,Enterprise,18,57.51,3,8.56,2,0
CUST-00765,2025-07-15,Enterprise,21,57.51,4,9.0,2,0
CUST-00765,2025-10-15,Enterprise,24,57.51,3,9.03,2,0
CUST-00766,2025-01-15,Consumer,39,90.86,2,9.28,0,0
CUST-00766,2025-04-15,Consumer,42,90.86,1,9.03,0,0
CUST-00766,2025-07-15,Consumer,45,90.86,2,8.73,0,0
CUST-00766,2025-10-15,Consumer,48,90.86,2,8.39,0,0
CUST-00767,2025-01-15,Consumer,27,88.77,2,6.18,2,0
CUST-00767,2025-04-15,Consumer,30,88.77,2,5.64,2,0
CUST-00767,2025-07-15,Consumer,33,88.77,3,5.25,2,0
CUST-00767,2025-10-15,Consumer,36,88.77,4,4.67,2,0
CUST-00768,2025-01-15,Consumer,72,99.48,3,7.04,1,0
CUST-00768,2025-04-15,Consumer,75,99.48,2,7.14,1,0
CUST-00768,2025-07-15,Consumer,78,99.48,2,6.76,1,0
CUST-00768,2025-10-15,Consumer,81,99.48,1,6.03,1,0
CUST-00769,2025-01-15,Consumer,35,139.65,5,7.38,4,0
CUST-00769,2025-04-15,Consumer,38,139.65,5,7.2,4,0
CUST-00769,2025-07-15,Consumer,41,139.65,6,7.16,4,0
CUST-00769,2025-10-15,Consumer,44,139.65,4,7.08,5,1
CUST-00770,2025-01-15,SMB,70,91.93,3,9.69,2,0
CUST-00770,2025-04-15,SMB,73,91.93,1,9.94,2,0
CUST-00770,2025-07-15,SMB,76,91.93,1,10.0,2,0
CUST-00770,2025-10-15,SMB,79,91.93,1,9.95,2,0
CUST-00771,2025-01-15,Consumer,48,97.13,5,2.76,0,0
CUST-00771,2025-04-15,Consumer,51,97.13,5,3.13,1,0
CUST-00771,2025-07-15,Consumer,54,97.13,4,3.17,1,0
CUST-00771,2025-10-15,Consumer,57,97.13,3,3.13,1,0
CUST-00772,2025-01-15,SMB,3,58.06,1,5.42,3,0
CUST-00772,2025-04-15,SMB,6,58.06,2,5.77,3,0
CUST-00772,2025-07-15,SMB,9,58.06,2,5.89,4,0
CUST-00772,2025-10-15,SMB,12,58.06,2,5.89,4,0
CUST-00773,2025-01-15,SMB,15,52.83,2,7.37,1,0
CUST-00773,2025-04-15,SMB,18,52.83,3,7.21,2,0
CUST-00773,2025-07-15,SMB,21,52.83,3,7.51,2,0
CUST-00773,2025-10-15,SMB,24,52.83,3,7.46,3,0
CUST-00774,2025-01-15,SMB,51,124.57,4,5.87,3,0
CUST-00774,2025-04-15,SMB,54,124.57,3,6.76,3,0
CUST-00774,2025-07-15,SMB,57,124.57,3,6.62,3,0
CUST-00774,2025-10-15,SMB,60,124.57,1,6.52,3,0
CUST-00775,2025-01-15,Consumer,40,61.91,2,7.02,0,0
CUST-00775,2025-04-15,Consumer,43,61.91,5,8.48,0,0
CUST-00775,2025-07-15,Consumer,46,61.91,5,8.18,1,0
CUST-00775,2025-10-15,Consumer,49,61.91,5,7.48,2,0
CUST-00776,2025-01-15,Enterprise,22,58.9,0,6.99,2,0
CUST-00776,2025-04-15,Enterprise,25,58.9,0,6.5,2,0
CUST-00776,2025-07-15,Enterprise,28,58.9,0,6.73,2,0
CUST-00776,2025-10-15,Enterprise,31,58.9,1,6.14,3,0
CUST-00777,2025-01-15,SMB,38,84.02,1,6.3,1,0
CUST-00777,2025-04-15,SMB,41,84.02,1,6.33,1,0
CUST-00777,2025-07-15,SMB,44,84.02,0,6.71,1,0
CUST-00777,2025-10-15,SMB,47,84.02,0,6.05,1,0
CUST-00778,2025-01-15,Consumer,66,82.75,0,6.8,2,0
CUST-00778,2025-04-15,Consumer,69,82.75,0,6.75,2,0
CUST-00778,2025-07-15,Consumer,72,82.75,2,6.9,2,0
CUST-00778,2025-10-15,Consumer,75,82.75,0,6.28,2,0
CUST-00779,2025-01-15,SMB,28,62.44,3,7.6,0,0
CUST-00779,2025-04-15,SMB,31,62.44,2,7.46,0,0
CUST-00779,2025-07-15,SMB,34,62.44,3,7.47,0,0
CUST-00779,2025-10-15,SMB,37,62.44,2,6.86,0,0
CUST-00780,2025-01-15,Enterprise,4,77.38,3,6.33,0,0
CUST-00780,2025-04-15,Enterprise,7,77.38,3,6.7,0,0
CUST-00780,2025-07-15,Enterprise,10,77.38,4,7.34,0,0
CUST-00780,2025-10-15,Enterprise,13,77.38,3,7.04,1,0
CUST-00781,2025-01-15,Consumer,23,115.73,5,6.2,3,0
CUST-00781,2025-04-15,Consumer,26,115.73,5,5.76,4,0
CUST-00781,2025-07-15,Consumer,29,115.73,5,5.56,4,0
CUST-00781,2025-10-15,Consumer,32,115.73,6,5.82,4,0
CUST-00782,2025-01-15,Enterprise,68,64.85,3,6.74,1,0
CUST-00782,2025-04-15,Enterprise,71,64.85,4,6.82,2,0
CUST-00782,2025-07-15,Enterprise,74,64.85,5,6.44,2,0
CUST-00782,2025-10-15,Enterprise,77,64.85,4,5.9,2,0
CUST-00783,2025-01-15,Consumer,55,50.16,0,7.17,0,0
CUST-00783,2025-04-15,Consumer,58,50.16,0,7.34,0,0
CUST-00783,2025-07-15,Consumer,61,50.16,1,6.67,0,0
CUST-00783,2025-10-15,Consumer,64,50.16,0,6.2,0,0
CUST-00784,2025-01-15,SMB,61,108.56,2,4.49,0,0
CUST-00784,2025-04-15,SMB,64,108.56,2,4.28,1,0
CUST-00784,2025-07-15,SMB,67,108.56,4,4.74,1,0
CUST-00784,2025-10-15,SMB,70,108.56,2,5.09,1,0
CUST-00785,2025-01-15,Enterprise,66,97.31,3,7.95,1,0
CUST-00785,2025-04-15,Enterprise,69,97.31,1,7.41,1,0
CUST-00785,2025-07-15,Enterprise,72,97.31,3,7.41,2,0
CUST-00785,2025-10-15,Enterprise,75,97.31,3,7.47,2,0
CUST-00786,2025-01-15,Consumer,9,69.49,1,6.44,1,0
CUST-00786,2025-04-15,Consumer,12,69.49,0,6.25,1,0
CUST-00786,2025-07-15,Consumer,15,69.49,1,6.2,1,0
CUST-00786,2025-10-15,Consumer,18,69.49,2,5.87,1,0
CUST-00787,2025-01-15,SMB,21,45.45,0,8.8,1,0
CUST-00787,2025-04-15,SMB,24,45.45,2,8.82,1,0
CUST-00787,2025-07-15,SMB,27,45.45,1,9.05,1,0
CUST-00787,2025-10-15,SMB,30,45.45,2,8.2,1,0
CUST-00788,2025-01-15,Consumer,5,66.38,0,7.9,1,0
CUST-00788,2025-04-15,Consumer,8,66.38,2,7.43,1,0
CUST-00788,2025-07-15,Consumer,11,66.38,1,7.32,1,0
CUST-00788,2025-10-15,Consumer,14,66.38,1,6.85,1,0
CUST-00789,2025-01-15,SMB,1,83.63,3,9.07,0,0
CUST-00789,2025-04-15,SMB,4,83.63,5,9.97,0,0
CUST-00789,2025-07-15,SMB,7,83.63,5,10.0,1,0
CUST-00789,2025-10-15,SMB,10,83.63,5,9.34,1,0
CUST-00790,2025-01-15,SMB,61,114.14,7,5.2,1,0
CUST-00790,2025-04-15,SMB,64,114.14,5,5.64,2,0
CUST-00790,2025-07-15,SMB,67,114.14,4,5.81,3,0
CUST-00790,2025-10-15,SMB,70,114.14,6,5.44,3,0
CUST-00791,2025-01-15,Consumer,68,59.09,2,6.12,0,0
CUST-00791,2025-04-15,Consumer,71,59.09,1,6.5,0,0
CUST-00791,2025-07-15,Consumer,74,59.09,1,6.35,0,0
CUST-00791,2025-10-15,Consumer,77,59.09,4,5.84,0,0
CUST-00792,2025-01-15,Consumer,12,82.89,1,5.38,2,0
CUST-00792,2025-04-15,Consumer,15,82.89,2,5.42,2,0
CUST-00792,2025-07-15,Consumer,18,82.89,2,5.56,3,0
CUST-00792,2025-10-15,Consumer,21,82.89,3,5.24,3,1
CUST-00793,2025-01-15,Consumer,52,101.88,2,5.99,0,0
CUST-00793,2025-04-15,Consumer,55,101.88,2,6.7,0,0
CUST-00793,2025-07-15,Consumer,58,101.88,1,6.2,0,0
CUST-00793,2025-10-15,Consumer,61,101.88,3,5.37,1,0
CUST-00794,2025-01-15,Consumer,39,25.47,0,9.48,0,0
CUST-00794,2025-04-15,Consumer,42,25.47,0,10.0,0,0
CUST-00794,2025-07-15,Consumer,45,25.47,0,10.0,0,0
CUST-00794,2025-10-15,Consumer,48,25.47,1,9.77,0,0
CUST-00795,2025-01-15,Consumer,5,110.84,3,9.44,0,1
CUST-00796,2025-01-15,Consumer,66,55.44,1,5.7,2,0
CUST-00796,2025-04-15,Consumer,69,55.44,1,5.61,2,0
CUST-00796,2025-07-15,Consumer,72,55.44,1,5.49,2,0
CUST-00796,2025-10-15,Consumer,75,55.44,1,5.21,2,0
CUST-00797,2025-01-15,Consumer,63,93.3,4,6.18,2,0
CUST-00797,2025-04-15,Consumer,66,93.3,4,7.03,2,0
CUST-00797,2025-07-15,Consumer,69,93.3,5,6.69,2,0
CUST-00797,2025-10-15,Consumer,72,93.3,3,6.25,2,0
CUST-00798,2025-01-15,Consumer,41,91.17,2,7.41,4,0
CUST-00798,2025-04-15,Consumer,44,91.17,4,7.59,5,0
CUST-00798,2025-07-15,Consumer,47,91.17,4,7.59,5,0
CUST-00798,2025-10-15,Consumer,50,91.17,1,7.54,5,0
CUST-00799,2025-01-15,SMB,51,112.11,2,8.03,0,0
CUST-00799,2025-04-15,SMB,54,112.11,4,7.87,0,0
CUST-00799,2025-07-15,SMB,57,112.11,2,7.39,0,0
CUST-00799,2025-10-15,SMB,60,112.11,2,7.26,1,0
CUST-00800,2025-01-15,SMB,29,98.77,2,4.66,2,0
CUST-00800,2025-04-15,SMB,32,98.77,2,5.04,2,0
CUST-00800,2025-07-15,SMB,35,98.77,1,5.3,2,0
CUST-00800,2025-10-15,SMB,38,98.77,1,5.58,2,0
CUST-00801,2025-01-15,SMB,58,25.57,2,4.71,1,0
CUST-00801,2025-04-15,SMB,61,25.57,2,4.6,1,0
CUST-00801,2025-07-15,SMB,64,25.57,2,4.46,1,0
CUST-00801,2025-10-15,SMB,67,25.57,1,4.5,1,0
CUST-00802,2025-01-15,Consumer,33,65.38,1,7.92,2,0
CUST-00802,2025-04-15,Consumer,36,65.38,1,7.66,2,0
CUST-00802,2025-07-15,Consumer,39,65.38,2,8.06,2,0
CUST-00802,2025-10-15,Consumer,42,65.38,1,6.88,3,0
CUST-00803,2025-01-15,Enterprise,72,88.46,1,3.67,1,0
CUST-00803,2025-04-15,Enterprise,75,88.46,2,3.67,1,0
CUST-00803,2025-07-15,Enterprise,78,88.46,1,3.97,1,0
CUST-00803,2025-10-15,Enterprise,81,88.46,1,3.29,1,0
CUST-00804,2025-01-15,SMB,5,80.13,2,6.67,2,0
CUST-00804,2025-04-15,SMB,8,80.13,2,6.6,2,0
CUST-00804,2025-07-15,SMB,11,80.13,2,6.4,3,0
CUST-00804,2025-10-15,SMB,14,80.13,2,5.78,3,0
CUST-00805,2025-01-15,Consumer,13,96.94,5,7.75,2,0
CUST-00805,2025-04-15,Consumer,16,96.94,7,8.66,2,0
CUST-00805,2025-07-15,Consumer,19,96.94,5,7.62,2,0
CUST-00805,2025-10-15,Consumer,22,96.94,5,7.21,2,0
CUST-00806,2025-01-15,Consumer,70,104.73,1,8.22,2,0
CUST-00806,2025-04-15,Consumer,73,104.73,0,7.68,2,0
CUST-00806,2025-07-15,Consumer,76,104.73,0,7.44,3,0
CUST-00806,2025-10-15,Consumer,79,104.73,3,7.46,3,0
CUST-00807,2025-01-15,SMB,21,100.21,4,6.69,3,0
CUST-00807,2025-04-15,SMB,24,100.21,1,6.54,4,1
CUST-00808,2025-01-15,Consumer,23,79.64,2,6.96,2,0
CUST-00808,2025-04-15,Consumer,26,79.64,2,7.03,2,0
CUST-00808,2025-07-15,Consumer,29,79.64,3,7.17,2,0
CUST-00808,2025-10-15,Consumer,32,79.64,1,7.25,2,0
CUST-00809,2025-01-15,Consumer,57,38.84,3,8.04,2,0
CUST-00809,2025-04-15,Consumer,60,38.84,3,7.63,3,0
CUST-00809,2025-07-15,Consumer,63,38.84,4,7.75,3,0
CUST-00809,2025-10-15,Consumer,66,38.84,3,7.33,3,0
CUST-00810,2025-01-15,Enterprise,14,73.61,3,7.48,0,0
CUST-00810,2025-04-15,Enterprise,17,73.61,2,7.56,0,0
CUST-00810,2025-07-15,Enterprise,20,73.61,4,7.58,0,1
CUST-00811,2025-01-15,Consumer,37,95.41,0,6.24,0,0
CUST-00811,2025-04-15,Consumer,40,95.41,0,6.06,1,1
CUST-00812,2025-01-15,Consumer,21,57.74,5,7.5,0,0
CUST-00812,2025-04-15,Consumer,24,57.74,4,7.55,1,0
CUST-00812,2025-07-15,Consumer,27,57.74,5,7.91,2,1
CUST-00813,2025-01-15,Enterprise,15,100.78,1,7.66,1,0
CUST-00813,2025-04-15,Enterprise,18,100.78,0,7.49,1,0
CUST-00813,2025-07-15,Enterprise,21,100.78,1,7.23,1,0
CUST-00813,2025-10-15,Enterprise,24,100.78,1,7.03,1,0
CUST-00814,2025-01-15,SMB,70,107.71,2,9.58,2,0
CUST-00814,2025-04-15,SMB,73,107.71,2,9.31,2,0
CUST-00814,2025-07-15,SMB,76,107.71,1,9.31,2,0
CUST-00814,2025-10-15,SMB,79,107.71,1,8.86,3,0
CUST-00815,2025-01-15,Consumer,15,88.17,0,7.72,1,0
CUST-00815,2025-04-15,Consumer,18,88.17,2,8.25,1,0
CUST-00815,2025-07-15,Consumer,21,88.17,0,8.42,1,0
CUST-00815,2025-10-15,Consumer,24,88.17,2,7.88,1,0
CUST-00816,2025-01-15,Enterprise,7,25.0,7,9.19,1,0
CUST-00816,2025-04-15,Enterprise,10,25.0,7,9.19,1,0
CUST-00816,2025-07-15,Enterprise,13,25.0,8,9.09,1,0
CUST-00816,2025-10-15,Enterprise,16,25.0,6,8.55,1,0
CUST-00817,2025-01-15,Enterprise,49,53.05,5,5.95,3,1
CUST-00818,2025-01-15,Consumer,63,132.15,4,6.24,0,0
CUST-00818,2025-04-15,Consumer,66,132.15,5,6.27,0,0
CUST-00818,2025-07-15,Consumer,69,132.15,2,6.23,0,0
CUST-00818,2025-10-15,Consumer,72,132.15,4,5.65,0,0
CUST-00819,2025-01-15,SMB,10,71.34,0,7.18,0,0
CUST-00819,2025-04-15,SMB,13,71.34,1,7.47,0,0
CUST-00819,2025-07-15,SMB,16,71.34,2,7.26,0,0
CUST-00819,2025-10-15,SMB,19,71.34,2,6.93,0,0
CUST-00820,2025-01-15,Consumer,51,35.4,2,6.78,4,0
CUST-00820,2025-04-15,Consumer,54,35.4,3,7.07,4,0
CUST-00820,2025-07-15,Consumer,57,35.4,3,6.88,5,0
CUST-00820,2025-10-15,Consumer,60,35.4,3,6.81,5,0
CUST-00821,2025-01-15,Consumer,39,115.88,5,5.4,4,0
CUST-00821,2025-04-15,Consumer,42,115.88,5,5.75,4,0
CUST-00821,2025-07-15,Consumer,45,115.88,6,5.11,4,0
CUST-00821,2025-10-15,Consumer,48,115.88,4,4.66,4,0
CUST-00822,2025-01-15,SMB,60,85.33,3,9.02,1,0
CUST-00822,2025-04-15,SMB,63,85.33,3,8.28,1,0
CUST-00822,2025-07-15,SMB,66,85.33,5,8.16,2,0
CUST-00822,2025-10-15,SMB,69,85.33,3,8.33,2,0
CUST-00823,2025-01-15,Consumer,10,112.62,2,8.25,1,0
CUST-00823,2025-04-15,Consumer,13,112.62,3,8.3,1,0
CUST-00823,2025-07-15,Consumer,16,112.62,3,8.34,1,0
CUST-00823,2025-10-15,Consumer,19,112.62,1,7.95,1,0
CUST-00824,2025-01-15,SMB,71,91.92,2,7.13,2,0
CUST-00824,2025-04-15,SMB,74,91.92,3,7.11,2,0
CUST-00824,2025-07-15,SMB,77,91.92,4,6.99,3,0
CUST-00824,2025-10-15,SMB,80,91.92,2,6.93,3,0
CUST-00825,2025-01-15,SMB,45,96.46,4,8.29,2,0
CUST-00825,2025-04-15,SMB,48,96.46,4,8.35,2,0
CUST-00825,2025-07-15,SMB,51,96.46,3,8.44,2,0
CUST-00825,2025-10-15,SMB,54,96.46,2,7.93,2,0
CUST-00826,2025-01-15,Consumer,61,94.08,3,6.83,4,0
CUST-00826,2025-04-15,Consumer,64,94.08,1,6.67,4,0
CUST-00826,2025-07-15,Consumer,67,94.08,2,6.23,4,0
CUST-00826,2025-10-15,Consumer,70,94.08,2,6.03,5,0
CUST-00827,2025-01-15,SMB,27,102.44,2,8.36,3,0
CUST-00827,2025-04-15,SMB,30,102.44,3,8.42,4,0
CUST-00827,2025-07-15,SMB,33,102.44,3,8.03,4,0
CUST-00827,2025-10-15,SMB,36,102.44,1,7.97,5,0
CUST-00828,2025-01-15,Consumer,68,141.94,3,5.53,1,0
CUST-00828,2025-04-15,Consumer,71,141.94,1,5.46,2,0
CUST-00828,2025-07-15,Consumer,74,141.94,3,5.31,3,0
CUST-00828,2025-10-15,Consumer,77,141.94,1,5.69,3,0
CUST-00829,2025-01-15,Enterprise,46,109.28,3,6.73,1,0
CUST-00829,2025-04-15,Enterprise,49,109.28,3,6.2,2,0
CUST-00829,2025-07-15,Enterprise,52,109.28,4,6.64,2,0
CUST-00829,2025-10-15,Enterprise,55,109.28,3,6.43,2,0
CUST-00830,2025-01-15,Consumer,10,45.49,2,6.86,1,0
CUST-00830,2025-04-15,Consumer,13,45.49,2,6.5,1,0
CUST-00830,2025-07-15,Consumer,16,45.49,3,6.38,1,0
CUST-00830,2025-10-15,Consumer,19,45.49,3,5.38,1,0
CUST-00831,2025-01-15,SMB,67,96.17,1,8.16,0,0
CUST-00831,2025-04-15,SMB,70,96.17,1,8.58,1,0
CUST-00831,2025-07-15,SMB,73,96.17,0,8.88,2,0
CUST-00831,2025-10-15,SMB,76,96.17,0,8.83,2,0
CUST-00832,2025-01-15,SMB,58,113.54,6,6.1,0,0
CUST-00832,2025-04-15,SMB,61,113.54,5,6.71,0,0
CUST-00832,2025-07-15,SMB,64,113.54,4,6.44,1,0
CUST-00832,2025-10-15,SMB,67,113.54,4,5.89,2,0
CUST-00833,2025-01-15,Consumer,22,115.07,2,3.17,0,0
CUST-00833,2025-04-15,Consumer,25,115.07,2,3.16,1,0
CUST-00833,2025-07-15,Consumer,28,115.07,6,3.26,1,0
CUST-00833,2025-10-15,Consumer,31,115.07,2,2.78,1,0
CUST-00834,2025-01-15,SMB,40,74.33,7,5.44,3,0
CUST-00834,2025-04-15,SMB,43,74.33,6,5.54,3,0
CUST-00834,2025-07-15,SMB,46,74.33,5,5.84,3,1
CUST-00835,2025-01-15,SMB,28,114.12,1,7.37,6,0
CUST-00835,2025-04-15,SMB,31,114.12,0,7.7,6,0
CUST-00835,2025-07-15,SMB,34,114.12,0,8.45,6,0
CUST-00835,2025-10-15,SMB,37,114.12,1,7.99,6,0
CUST-00836,2025-01-15,SMB,40,108.19,3,6.72,2,0
CUST-00836,2025-04-15,SMB,43,108.19,4,7.1,2,0
CUST-00836,2025-07-15,SMB,46,108.19,2,6.93,3,0
CUST-00836,2025-10-15,SMB,49,108.19,4,7.28,3,0
CUST-00837,2025-01-15,SMB,70,149.31,4,9.63,4,0
CUST-00837,2025-04-15,SMB,73,149.31,4,9.56,4,0
CUST-00837,2025-07-15,SMB,76,149.31,4,9.17,4,0
CUST-00837,2025-10-15,SMB,79,149.31,3,8.74,4,0
CUST-00838,2025-01-15,Enterprise,65,66.25,8,8.47,2,0
CUST-00838,2025-04-15,Enterprise,68,66.25,8,8.5,2,0
CUST-00838,2025-07-15,Enterprise,71,66.25,8,8.57,3,0
CUST-00838,2025-10-15,Enterprise,74,66.25,7,8.62,3,0
CUST-00839,2025-01-15,Consumer,16,72.31,2,7.2,6,0
CUST-00839,2025-04-15,Consumer,19,72.31,2,7.0,6,0
CUST-00839,2025-07-15,Consumer,22,72.31,4,7.71,6,0
CUST-00839,2025-10-15,Consumer,25,72.31,3,7.5,6,0
CUST-00840,2025-01-15,Consumer,70,77.35,5,7.5,1,0
CUST-00840,2025-04-15,Consumer,73,77.35,3,7.4,1,0
CUST-00840,2025-07-15,Consumer,76,77.35,4,7.3,2,0
CUST-00840,2025-10-15,Consumer,79,77.35,4,6.63,2,0
CUST-00841,2025-01-15,Consumer,32,72.74,4,8.8,2,0
CUST-00841,2025-04-15,Consumer,35,72.74,4,9.21,2,0
CUST-00841,2025-07-15,Consumer,38,72.74,2,10.0,2,0
CUST-00841,2025-10-15,Consumer,41,72.74,3,10.0,2,0
CUST-00842,2025-01-15,SMB,51,62.75,2,5.92,2,0
CUST-00842,2025-04-15,SMB,54,62.75,1,6.26,2,0
CUST-00842,2025-07-15,SMB,57,62.75,3,7.29,2,0
CUST-00842,2025-10-15,SMB,60,62.75,1,7.32,2,0
CUST-00843,2025-01-15,Consumer,56,25.0,2,6.53,1,0
CUST-00843,2025-04-15,Consumer,59,25.0,2,6.28,1,0
CUST-00843,2025-07-15,Consumer,62,25.0,3,6.59,1,0
CUST-00843,2025-10-15,Consumer,65,25.0,3,6.41,1,0
CUST-00844,2025-01-15,Consumer,35,74.13,1,6.27,3,0
CUST-00844,2025-04-15,Consumer,38,74.13,4,6.47,3,0
CUST-00844,2025-07-15,Consumer,41,74.13,5,6.68,3,0
CUST-00844,2025-10-15,Consumer,44,74.13,3,6.56,3,0
CUST-00845,2025-01-15,Consumer,33,94.23,3,8.62,1,0
CUST-00845,2025-04-15,Consumer,36,94.23,3,8.88,1,0
CUST-00845,2025-07-15,Consumer,39,94.23,3,9.0,1,0
CUST-00845,2025-10-15,Consumer,42,94.23,2,8.73,1,0
CUST-00846,2025-01-15,Enterprise,33,72.67,1,8.0,0,0
CUST-00846,2025-04-15,Enterprise,36,72.67,1,7.67,0,0
CUST-00846,2025-07-15,Enterprise,39,72.67,3,7.57,0,0
CUST-00846,2025-10-15,Enterprise,42,72.67,0,8.1,0,0
CUST-00847,2025-01-15,Consumer,63,133.38,1,6.01,0,0
CUST-00847,2025-04-15,Consumer,66,133.38,2,6.18,0,0
CUST-00847,2025-07-15,Consumer,69,133.38,4,5.97,1,0
CUST-00847,2025-10-15,Consumer,72,133.38,3,5.27,1,0
CUST-00848,2025-01-15,SMB,28,85.33,4,7.15,3,0
CUST-00848,2025-04-15,SMB,31,85.33,4,7.4,4,0
CUST-00848,2025-07-15,SMB,34,85.33,4,7.41,4,0
CUST-00848,2025-10-15,SMB,37,85.33,4,6.96,4,0
CUST-00849,2025-01-15,Consumer,21,117.28,2,7.34,4,0
CUST-00849,2025-04-15,Consumer,24,117.28,2,7.31,4,0
CUST-00849,2025-07-15,Consumer,27,117.28,2,8.03,5,0
CUST-00849,2025-10-15,Consumer,30,117.28,1,7.35,5,0
CUST-00850,2025-01-15,Enterprise,27,91.54,0,6.7,0,0
CUST-00850,2025-04-15,Enterprise,30,91.54,1,7.05,0,0
CUST-00850,2025-07-15,Enterprise,33,91.54,2,7.65,1,0
CUST-00850,2025-10-15,Enterprise,36,91.54,1,8.09,2,0
CUST-00851,2025-01-15,Consumer,15,105.66,1,6.3,1,0
CUST-00851,2025-04-15,Consumer,18,105.66,0,6.68,2,0
CUST-00851,2025-07-15,Consumer,21,105.66,2,7.29,2,0
CUST-00851,2025-10-15,Consumer,24,105.66,1,7.53,3,0
CUST-00852,2025-01-15,Consumer,29,91.98,1,6.16,2,0
CUST-00852,2025-04-15,Consumer,32,91.98,3,5.95,2,0
CUST-00852,2025-07-15,Consumer,35,91.98,1,5.63,2,0
CUST-00852,2025-10-15,Consumer,38,91.98,2,5.63,2,0
CUST-00853,2025-01-15,Enterprise,9,119.22,2,7.58,2,0
CUST-00853,2025-04-15,Enterprise,12,119.22,4,7.74,3,0
CUST-00853,2025-07-15,Enterprise,15,119.22,2,8.14,3,0
CUST-00853,2025-10-15,Enterprise,18,119.22,3,7.72,3,0
CUST-00854,2025-01-15,Enterprise,7,86.4,3,6.94,0,0
CUST-00854,2025-04-15,Enterprise,10,86.4,2,7.81,0,0
CUST-00854,2025-07-15,Enterprise,13,86.4,2,8.32,0,0
CUST-00854,2025-10-15,Enterprise,16,86.4,1,7.91,0,0
CUST-00855,2025-01-15,Consumer,53,97.4,2,6.65,0,0
CUST-00855,2025-04-15,Consumer,56,97.4,5,6.11,0,0
CUST-00855,2025-07-15,Consumer,59,97.4,3,5.88,0,0
CUST-00855,2025-10-15,Consumer,62,97.4,4,5.42,1,0
CUST-00856,2025-01-15,Consumer,6,94.16,4,5.09,2,0
CUST-00856,2025-04-15,Consumer,9,94.16,3,5.23,2,0
CUST-00856,2025-07-15,Consumer,12,94.16,2,5.04,2,0
CUST-00856,2025-10-15,Consumer,15,94.16,2,5.07,2,0
CUST-00857,2025-01-15,SMB,41,77.79,2,6.66,1,0
CUST-00857,2025-04-15,SMB,44,77.79,3,6.0,1,0
CUST-00857,2025-07-15,SMB,47,77.79,3,5.76,2,0
CUST-00857,2025-10-15,SMB,50,77.79,3,5.31,2,0
CUST-00858,2025-01-15,Enterprise,57,95.12,1,6.96,1,0
CUST-00858,2025-04-15,Enterprise,60,95.12,4,7.02,1,0
CUST-00858,2025-07-15,Enterprise,63,95.12,4,6.92,1,0
CUST-00858,2025-10-15,Enterprise,66,95.12,4,6.81,1,0
CUST-00859,2025-01-15,Consumer,53,140.86,7,6.48,2,0
CUST-00859,2025-04-15,Consumer,56,140.86,6,5.73,2,0
CUST-00859,2025-07-15,Consumer,59,140.86,7,6.4,3,0
CUST-00859,2025-10-15,Consumer,62,140.86,9,6.15,4,0
CUST-00860,2025-01-15,Consumer,33,78.24,2,7.1,4,0
CUST-00860,2025-04-15,Consumer,36,78.24,3,7.67,5,0
CUST-00860,2025-07-15,Consumer,39,78.24,3,7.33,5,0
CUST-00860,2025-10-15,Consumer,42,78.24,2,6.85,5,0
CUST-00861,2025-01-15,SMB,14,95.49,5,8.8,2,0
CUST-00861,2025-04-15,SMB,17,95.49,3,8.59,2,0
CUST-00861,2025-07-15,SMB,20,95.49,3,8.73,2,0
CUST-00861,2025-10-15,SMB,23,95.49,3,8.37,2,0
CUST-00862,2025-01-15,SMB,68,116.44,3,8.85,1,0
CUST-00862,2025-04-15,SMB,71,116.44,2,8.6,1,0
CUST-00862,2025-07-15,SMB,74,116.44,2,8.85,1,0
CUST-00862,2025-10-15,SMB,77,116.44,4,8.46,1,0
CUST-00863,2025-01-15,SMB,61,113.51,0,7.77,1,0
CUST-00863,2025-04-15,SMB,64,113.51,3,7.57,1,0
CUST-00863,2025-07-15,SMB,67,113.51,4,7.98,2,0
CUST-00863,2025-10-15,SMB,70,113.51,2,7.72,2,0
CUST-00864,2025-01-15,SMB,45,85.29,3,7.0,3,0
CUST-00864,2025-04-15,SMB,48,85.29,2,7.02,3,1
CUST-00865,2025-01-15,Consumer,7,25.42,0,6.07,0,1
CUST-00866,2025-01-15,Enterprise,3,97.92,4,5.08,2,0
CUST-00866,2025-04-15,Enterprise,6,97.92,5,4.81,3,0
CUST-00866,2025-07-15,Enterprise,9,97.92,4,5.21,3,0
CUST-00866,2025-10-15,Enterprise,12,97.92,4,4.72,3,0
CUST-00867,2025-01-15,Enterprise,23,29.51,0,6.38,0,0
CUST-00867,2025-04-15,Enterprise,26,29.51,0,6.52,0,0
CUST-00867,2025-07-15,Enterprise,29,29.51,1,6.11,0,0
CUST-00867,2025-10-15,Enterprise,32,29.51,1,6.28,0,0
CUST-00868,2025-01-15,SMB,12,121.75,1,6.82,2,0
CUST-00868,2025-04-15,SMB,15,121.75,1,6.76,2,0
CUST-00868,2025-07-15,SMB,18,121.75,1,6.82,2,0
CUST-00868,2025-10-15,SMB,21,121.75,1,7.1,2,0
CUST-00869,2025-01-15,Consumer,62,89.24,0,6.38,4,0
CUST-00869,2025-04-15,Consumer,65,89.24,2,6.57,5,0
CUST-00869,2025-07-15,Consumer,68,89.24,2,6.37,5,0
CUST-00869,2025-10-15,Consumer,71,89.24,2,6.17,6,1
CUST-00870,2025-01-15,Consumer,15,109.99,0,7.41,1,0
CUST-00870,2025-04-15,Consumer,18,109.99,0,7.26,2,0
CUST-00870,2025-07-15,Consumer,21,109.99,0,7.28,2,0
CUST-00870,2025-10-15,Consumer,24,109.99,0,7.83,3,0
CUST-00871,2025-01-15,SMB,21,62.45,3,5.39,1,0
CUST-00871,2025-04-15,SMB,24,62.45,5,4.91,2,0
CUST-00871,2025-07-15,SMB,27,62.45,4,5.24,2,0
CUST-00871,2025-10-15,SMB,30,62.45,4,4.7,2,0
CUST-00872,2025-01-15,Consumer,71,46.19,1,5.15,2,0
CUST-00872,2025-04-15,Consumer,74,46.19,3,4.88,3,1
CUST-00873,2025-01-15,Enterprise,59,91.52,0,8.67,0,0
CUST-00873,2025-04-15,Enterprise,62,91.52,0,8.57,0,0
CUST-00873,2025-07-15,Enterprise,65,91.52,0,8.65,1,0
CUST-00873,2025-10-15,Enterprise,68,91.52,0,8.63,2,0
CUST-00874,2025-01-15,Consumer,16,84.16,5,6.42,0,0
CUST-00874,2025-04-15,Consumer,19,84.16,3,6.74,0,0
CUST-00874,2025-07-15,Consumer,22,84.16,2,7.19,0,0
CUST-00874,2025-10-15,Consumer,25,84.16,4,6.83,0,0
CUST-00875,2025-01-15,SMB,28,72.71,3,5.81,2,0
CUST-00875,2025-04-15,SMB,31,72.71,2,5.23,3,0
CUST-00875,2025-07-15,SMB,34,72.71,4,5.44,4,0
CUST-00875,2025-10-15,SMB,37,72.71,4,5.32,4,0
CUST-00876,2025-01-15,Enterprise,38,87.12,1,5.2,1,0
CUST-00876,2025-04-15,Enterprise,41,87.12,2,4.45,1,0
CUST-00876,2025-07-15,Enterprise,44,87.12,2,5.02,1,0
CUST-00876,2025-10-15,Enterprise,47,87.12,1,5.01,2,0
CUST-00877,2025-01-15,Consumer,48,154.19,1,7.26,2,0
CUST-00877,2025-04-15,Consumer,51,154.19,0,6.53,2,0
CUST-00877,2025-07-15,Consumer,54,154.19,0,6.67,2,0
CUST-00877,2025-10-15,Consumer,57,154.19,0,6.47,2,0
CUST-00878,2025-01-15,Consumer,68,105.86,5,9.29,1,0
CUST-00878,2025-04-15,Consumer,71,105.86,6,9.32,1,0
CUST-00878,2025-07-15,Consumer,74,105.86,5,9.49,1,0
CUST-00878,2025-10-15,Consumer,77,105.86,6,9.87,1,0
CUST-00879,2025-01-15,SMB,63,111.24,2,6.5,2,0
CUST-00879,2025-04-15,SMB,66,111.24,2,7.29,3,0
CUST-00879,2025-07-15,SMB,69,111.24,2,7.84,4,0
CUST-00879,2025-10-15,SMB,72,111.24,4,7.83,4,0
CUST-00880,2025-01-15,SMB,71,106.1,0,7.34,2,0
CUST-00880,2025-04-15,SMB,74,106.1,1,7.41,2,0
CUST-00880,2025-07-15,SMB,77,106.1,1,7.46,2,0
CUST-00880,2025-10-15,SMB,80,106.1,0,7.31,2,0
CUST-00881,2025-01-15,Consumer,3,121.99,3,8.45,1,0
CUST-00881,2025-04-15,Consumer,6,121.99,2,8.1,1,0
CUST-00881,2025-07-15,Consumer,9,121.99,3,8.56,1,0
CUST-00881,2025-10-15,Consumer,12,121.99,3,8.54,1,0
CUST-00882,2025-01-15,SMB,18,80.25,1,4.91,1,0
CUST-00882,2025-04-15,SMB,21,80.25,1,4.48,2,0
CUST-00882,2025-07-15,SMB,24,80.25,1,4.14,2,0
CUST-00882,2025-10-15,SMB,27,80.25,1,3.77,3,0
CUST-00883,2025-01-15,Enterprise,41,33.63,0,10.0,2,0
CUST-00883,2025-04-15,Enterprise,44,33.63,2,9.84,2,0
CUST-00883,2025-07-15,Enterprise,47,33.63,2,10.0,2,0
CUST-00883,2025-10-15,Enterprise,50,33.63,0,9.64,2,0
CUST-00884,2025-01-15,Consumer,4,80.29,2,9.88,1,0
CUST-00884,2025-04-15,Consumer,7,80.29,0,10.0,1,0
CUST-00884,2025-07-15,Consumer,10,80.29,2,10.0,1,0
CUST-00884,2025-10-15,Consumer,13,80.29,1,9.47,1,0
CUST-00885,2025-01-15,Consumer,26,105.29,4,2.7,2,0
CUST-00885,2025-04-15,Consumer,29,105.29,3,2.7,2,0
CUST-00885,2025-07-15,Consumer,32,105.29,4,2.7,2,0
CUST-00885,2025-10-15,Consumer,35,105.29,3,2.7,2,0
CUST-00886,2025-01-15,Consumer,12,60.75,4,6.73,3,0
CUST-00886,2025-04-15,Consumer,15,60.75,2,6.92,3,0
CUST-00886,2025-07-15,Consumer,18,60.75,3,6.97,3,0
CUST-00886,2025-10-15,Consumer,21,60.75,3,6.92,3,0
CUST-00887,2025-01-15,Consumer,68,80.59,4,5.88,2,0
CUST-00887,2025-04-15,Consumer,71,80.59,4,6.77,2,0
CUST-00887,2025-07-15,Consumer,74,80.59,5,5.77,3,0
CUST-00887,2025-10-15,Consumer,77,80.59,3,5.02,3,1
CUST-00888,2025-01-15,Consumer,5,67.71,2,7.04,0,0
CUST-00888,2025-04-15,Consumer,8,67.71,0,7.33,0,0
CUST-00888,2025-07-15,Consumer,11,67.71,3,7.33,0,1
CUST-00889,2025-01-15,Consumer,11,122.55,0,6.39,0,0
CUST-00889,2025-04-15,Consumer,14,122.55,1,7.42,0,0
CUST-00889,2025-07-15,Consumer,17,122.55,2,7.06,0,0
CUST-00889,2025-10-15,Consumer,20,122.55,3,7.1,1,0
CUST-00890,2025-01-15,SMB,15,103.74,2,7.99,3,0
CUST-00890,2025-04-15,SMB,18,103.74,2,8.05,3,0
CUST-00890,2025-07-15,SMB,21,103.74,4,7.94,3,0
CUST-00890,2025-10-15,SMB,24,103.74,0,7.65,3,0
CUST-00891,2025-01-15,Consumer,11,101.29,1,6.88,0,0
CUST-00891,2025-04-15,Consumer,14,101.29,4,7.21,0,0
CUST-00891,2025-07-15,Consumer,17,101.29,0,6.79,0,0
CUST-00891,2025-10-15,Consumer,20,101.29,2,6.37,0,0
CUST-00892,2025-01-15,Enterprise,41,100.54,4,5.36,2,0
CUST-00892,2025-04-15,Enterprise,44,100.54,2,5.08,3,0
CUST-00892,2025-07-15,Enterprise,47,100.54,2,4.68,3,0
CUST-00892,2025-10-15,Enterprise,50,100.54,3,4.35,4,1
CUST-00893,2025-01-15,Consumer,27,84.07,3,7.68,1,0
CUST-00893,2025-04-15,Consumer,30,84.07,5,7.32,1,1
CUST-00894,2025-01-15,Consumer,66,89.94,0,8.48,1,0
CUST-00894,2025-04-15,Consumer,69,89.94,3,8.8,1,0
CUST-00894,2025-07-15,Consumer,72,89.94,3,9.08,1,0
CUST-00894,2025-10-15,Consumer,75,89.94,0,8.9,1,0
CUST-00895,2025-01-15,SMB,19,55.37,7,5.81,4,0
CUST-00895,2025-04-15,SMB,22,55.37,4,6.14,4,0
CUST-00895,2025-07-15,SMB,25,55.37,5,6.01,4,0
CUST-00895,2025-10-15,SMB,28,55.37,6,4.98,5,0
CUST-00896,2025-01-15,Enterprise,39,30.34,3,4.08,2,1
CUST-00897,2025-01-15,Consumer,48,88.75,0,9.91,0,0
CUST-00897,2025-04-15,Consumer,51,88.75,1,9.89,0,0
CUST-00897,2025-07-15,Consumer,54,88.75,0,9.24,0,0
CUST-00897,2025-10-15,Consumer,57,88.75,0,8.62,0,0
CUST-00898,2025-01-15,Consumer,46,93.1,0,6.2,1,0
CUST-00898,2025-04-15,Consumer,49,93.1,2,6.48,1,0
CUST-00898,2025-07-15,Consumer,52,93.1,2,7.08,1,0
CUST-00898,2025-10-15,Consumer,55,93.1,2,6.63,1,0
CUST-00899,2025-01-15,Consumer,58,115.23,3,7.09,2,0
CUST-00899,2025-04-15,Consumer,61,115.23,3,7.62,2,0
CUST-00899,2025-07-15,Consumer,64,115.23,4,8.4,2,0
CUST-00899,2025-10-15,Consumer,67,115.23,3,8.24,2,0
CUST-00900,2025-01-15,Consumer,15,124.28,3,7.0,2,0
CUST-00900,2025-04-15,Consumer,18,124.28,4,6.81,3,0
CUST-00900,2025-07-15,Consumer,21,124.28,4,7.33,4,0
CUST-00900,2025-10-15,Consumer,24,124.28,4,7.07,4,0
CUST-00901,2025-01-15,Consumer,37,124.25,0,7.94,1,0
CUST-00901,2025-04-15,Consumer,40,124.25,1,7.85,1,0
CUST-00901,2025-07-15,Consumer,43,124.25,0,7.74,1,0
CUST-00901,2025-10-15,Consumer,46,124.25,2,7.42,1,0
CUST-00902,2025-01-15,Consumer,58,60.05,4,10.0,1,0
CUST-00902,2025-04-15,Consumer,61,60.05,3,10.0,1,0
CUST-00902,2025-07-15,Consumer,64,60.05,3,10.0,1,0
CUST-00902,2025-10-15,Consumer,67,60.05,3,9.93,1,0
CUST-00903,2025-01-15,Consumer,63,76.19,3,7.98,1,0
CUST-00903,2025-04-15,Consumer,66,76.19,4,7.93,2,0
CUST-00903,2025-07-15,Consumer,69,76.19,3,7.5,2,0
CUST-00903,2025-10-15,Consumer,72,76.19,2,7.07,3,0
CUST-00904,2025-01-15,Consumer,45,97.01,1,5.06,0,0
CUST-00904,2025-04-15,Consumer,48,97.01,2,5.0,0,0
CUST-00904,2025-07-15,Consumer,51,97.01,1,4.84,0,0
CUST-00904,2025-10-15,Consumer,54,97.01,1,4.78,0,0
CUST-00905,2025-01-15,Enterprise,47,148.3,7,5.07,1,0
CUST-00905,2025-04-15,Enterprise,50,148.3,3,5.34,2,0
CUST-00905,2025-07-15,Enterprise,53,148.3,5,4.92,3,0
CUST-00905,2025-10-15,Enterprise,56,148.3,5,4.1,3,0
CUST-00906,2025-01-15,SMB,63,122.0,6,6.73,4,0
CUST-00906,2025-04-15,SMB,66,122.0,8,6.56,4,0
CUST-00906,2025-07-15,SMB,69,122.0,6,7.28,4,0
CUST-00906,2025-10-15,SMB,72,122.0,6,6.34,4,0
CUST-00907,2025-01-15,Consumer,45,112.98,4,6.93,1,0
CUST-00907,2025-04-15,Consumer,48,112.98,4,7.04,1,0
CUST-00907,2025-07-15,Consumer,51,112.98,3,7.1,1,0
CUST-00907,2025-10-15,Consumer,54,112.98,4,6.68,2,0
CUST-00908,2025-01-15,Consumer,69,75.31,4,4.4,0,0
CUST-00908,2025-04-15,Consumer,72,75.31,5,4.01,0,0
CUST-00908,2025-07-15,Consumer,75,75.31,6,3.81,0,0
CUST-00908,2025-10-15,Consumer,78,75.31,5,3.57,0,0
CUST-00909,2025-01-15,Consumer,10,62.92,0,8.31,0,0
CUST-00909,2025-04-15,Consumer,13,62.92,2,8.74,0,0
CUST-00909,2025-07-15,Consumer,16,62.92,1,8.93,0,0
CUST-00909,2025-10-15,Consumer,19,62.92,1,9.01,0,0
CUST-00910,2025-01-15,Consumer,26,104.72,3,5.56,0,0
CUST-00910,2025-04-15,Consumer,29,104.72,6,5.18,0,1
CUST-00911,2025-01-15,SMB,9,57.48,3,9.24,3,0
CUST-00911,2025-04-15,SMB,12,57.48,3,9.31,3,0
CUST-00911,2025-07-15,SMB,15,57.48,2,8.71,3,0
CUST-00911,2025-10-15,SMB,18,57.48,3,8.2,3,0
CUST-00912,2025-01-15,Enterprise,7,79.04,6,9.74,2,0
CUST-00912,2025-04-15,Enterprise,10,79.04,3,9.38,2,0
CUST-00912,2025-07-15,Enterprise,13,79.04,4,9.31,3,0
CUST-00912,2025-10-15,Enterprise,16,79.04,5,9.0,3,0
CUST-00913,2025-01-15,Enterprise,34,82.13,3,7.28,2,0
CUST-00913,2025-04-15,Enterprise,37,82.13,3,6.94,3,0
CUST-00913,2025-07-15,Enterprise,40,82.13,2,6.89,4,0
CUST-00913,2025-10-15,Enterprise,43,82.13,3,7.28,5,0
CUST-00914,2025-01-15,Enterprise,17,124.82,2,7.77,1,0
CUST-00914,2025-04-15,Enterprise,20,124.82,5,8.25,2,0
CUST-00914,2025-07-15,Enterprise,23,124.82,6,9.0,2,0
CUST-00914,2025-10-15,Enterprise,26,124.82,4,8.78,2,0
CUST-00915,2025-01-15,Enterprise,30,76.13,4,4.81,2,0
CUST-00915,2025-04-15,Enterprise,33,76.13,5,4.89,2,0
CUST-00915,2025-07-15,Enterprise,36,76.13,4,4.87,2,0
CUST-00915,2025-10-15,Enterprise,39,76.13,2,5.27,2,0
CUST-00916,2025-01-15,Enterprise,32,25.0,2,8.2,0,0
CUST-00916,2025-04-15,Enterprise,35,25.0,2,8.67,0,0
CUST-00916,2025-07-15,Enterprise,38,25.0,3,8.41,0,0
CUST-00916,2025-10-15,Enterprise,41,25.0,2,7.69,0,0
CUST-00917,2025-01-15,Consumer,45,97.61,0,6.23,2,0
CUST-00917,2025-04-15,Consumer,48,97.61,0,6.47,2,0
CUST-00917,2025-07-15,Consumer,51,97.61,0,6.91,2,0
CUST-00917,2025-10-15,Consumer,54,97.61,0,7.32,3,0
CUST-00918,2025-01-15,Consumer,69,67.52,2,5.63,4,0
CUST-00918,2025-04-15,Consumer,72,67.52,4,5.66,4,0
CUST-00918,2025-07-15,Consumer,75,67.52,5,6.03,4,0
CUST-00918,2025-10-15,Consumer,78,67.52,4,5.85,4,0
CUST-00919,2025-01-15,Consumer,62,86.07,2,7.23,1,0
CUST-00919,2025-04-15,Consumer,65,86.07,2,7.34,2,0
CUST-00919,2025-07-15,Consumer,68,86.07,0,7.76,2,1
CUST-00920,2025-01-15,SMB,28,82.83,2,6.49,1,0
CUST-00920,2025-04-15,SMB,31,82.83,2,6.39,2,0
CUST-00920,2025-07-15,SMB,34,82.83,2,6.57,2,0
CUST-00920,2025-10-15,SMB,37,82.83,1,6.66,2,0
CUST-00921,2025-01-15,Consumer,24,78.16,3,6.48,1,0
CUST-00921,2025-04-15,Consumer,27,78.16,3,6.24,2,0
CUST-00921,2025-07-15,Consumer,30,78.16,0,6.14,2,0
CUST-00921,2025-10-15,Consumer,33,78.16,2,5.63,2,0
CUST-00922,2025-01-15,SMB,56,104.76,2,8.02,1,0
CUST-00922,2025-04-15,SMB,59,104.76,4,8.21,1,0
CUST-00922,2025-07-15,SMB,62,104.76,0,9.3,1,0
CUST-00922,2025-10-15,SMB,65,104.76,2,9.22,2,0
CUST-00923,2025-01-15,SMB,9,46.68,4,5.76,2,0
CUST-00923,2025-04-15,SMB,12,46.68,5,5.59,2,0
CUST-00923,2025-07-15,SMB,15,46.68,4,5.98,3,0
CUST-00923,2025-10-15,SMB,18,46.68,4,5.87,3,0
CUST-00924,2025-01-15,Consumer,39,72.07,4,9.58,2,0
CUST-00924,2025-04-15,Consumer,42,72.07,2,9.96,2,0
CUST-00924,2025-07-15,Consumer,45,72.07,2,9.93,2,0
CUST-00924,2025-10-15,Consumer,48,72.07,5,9.65,2,0
CUST-00925,2025-01-15,Consumer,31,102.1,2,4.63,0,0
CUST-00925,2025-04-15,Consumer,34,102.1,1,4.7,0,0
CUST-00925,2025-07-15,Consumer,37,102.1,3,5.02,1,0
CUST-00925,2025-10-15,Consumer,40,102.1,1,5.02,1,0
CUST-00926,2025-01-15,Consumer,14,69.65,4,9.5,3,0
CUST-00926,2025-04-15,Consumer,17,69.65,5,9.04,3,0
CUST-00926,2025-07-15,Consumer,20,69.65,4,9.25,4,0
CUST-00926,2025-10-15,Consumer,23,69.65,5,8.6,5,0
CUST-00927,2025-01-15,Consumer,45,44.78,4,5.57,2,0
CUST-00927,2025-04-15,Consumer,48,44.78,4,5.74,2,0
CUST-00927,2025-07-15,Consumer,51,44.78,5,5.82,2,0
CUST-00927,2025-10-15,Consumer,54,44.78,4,5.77,2,1
CUST-00928,2025-01-15,Enterprise,24,101.71,2,7.58,4,0
CUST-00928,2025-04-15,Enterprise,27,101.71,2,7.91,5,0
CUST-00928,2025-07-15,Enterprise,30,101.71,3,7.67,5,0
CUST-00928,2025-10-15,Enterprise,33,101.71,1,7.36,6,0
CUST-00929,2025-01-15,SMB,14,113.08,2,6.94,2,0
CUST-00929,2025-04-15,SMB,17,113.08,1,6.99,2,0
CUST-00929,2025-07-15,SMB,20,113.08,3,7.5,3,0
CUST-00929,2025-10-15,SMB,23,113.08,1,7.6,3,0
CUST-00930,2025-01-15,SMB,48,83.88,1,6.49,0,0
CUST-00930,2025-04-15,SMB,51,83.88,1,6.3,0,0
CUST-00930,2025-07-15,SMB,54,83.88,2,6.79,0,0
CUST-00930,2025-10-15,SMB,57,83.88,2,6.32,0,0
CUST-00931,2025-01-15,Consumer,13,35.98,7,8.67,3,0
CUST-00931,2025-04-15,Consumer,16,35.98,7,9.21,4,0
CUST-00931,2025-07-15,Consumer,19,35.98,6,9.17,4,0
CUST-00931,2025-10-15,Consumer,22,35.98,5,8.52,4,0
CUST-00932,2025-01-15,Consumer,49,102.65,2,8.9,3,0
CUST-00932,2025-04-15,Consumer,52,102.65,2,9.6,3,0
CUST-00932,2025-07-15,Consumer,55,102.65,2,9.61,3,0
CUST-00932,2025-10-15,Consumer,58,102.65,3,9.29,3,0
CUST-00933,2025-01-15,Consumer,12,43.5,4,9.24,2,0
CUST-00933,2025-04-15,Consumer,15,43.5,3,9.04,2,0
CUST-00933,2025-07-15,Consumer,18,43.5,4,9.6,2,0
CUST-00933,2025-10-15,Consumer,21,43.5,4,8.66,2,0
CUST-00934,2025-01-15,SMB,32,92.72,3,5.98,0,0
CUST-00934,2025-04-15,SMB,35,92.72,5,5.48,1,1
CUST-00935,2025-01-15,SMB,59,62.81,0,7.14,0,0
CUST-00935,2025-04-15,SMB,62,62.81,0,7.59,0,0
CUST-00935,2025-07-15,SMB,65,62.81,0,7.77,0,0
CUST-00935,2025-10-15,SMB,68,62.81,0,7.55,0,0
CUST-00936,2025-01-15,Consumer,17,56.0,0,6.06,0,0
CUST-00936,2025-04-15,Consumer,20,56.0,0,6.33,1,0
CUST-00936,2025-07-15,Consumer,23,56.0,0,6.34,2,0
CUST-00936,2025-10-15,Consumer,26,56.0,1,6.42,2,0
CUST-00937,2025-01-15,Enterprise,56,73.95,4,5.7,1,0
CUST-00937,2025-04-15,Enterprise,59,73.95,5,5.67,1,0
CUST-00937,2025-07-15,Enterprise,62,73.95,3,5.94,1,0
CUST-00937,2025-10-15,Enterprise,65,73.95,3,5.56,1,0
CUST-00938,2025-01-15,Consumer,52,80.42,1,4.89,2,0
CUST-00938,2025-04-15,Consumer,55,80.42,2,4.64,2,1
CUST-00939,2025-01-15,Enterprise,65,68.89,2,6.22,0,0
CUST-00939,2025-04-15,Enterprise,68,68.89,2,5.97,0,0
CUST-00939,2025-07-15,Enterprise,71,68.89,3,5.79,1,0
CUST-00939,2025-10-15,Enterprise,74,68.89,6,5.57,1,0
CUST-00940,2025-01-15,Consumer,13,99.72,2,7.86,2,0
CUST-00940,2025-04-15,Consumer,16,99.72,2,7.54,3,0
CUST-00940,2025-07-15,Consumer,19,99.72,0,7.41,3,0
CUST-00940,2025-10-15,Consumer,22,99.72,1,7.27,3,0
CUST-00941,2025-01-15,Consumer,52,73.85,1,4.18,1,0
CUST-00941,2025-04-15,Consumer,55,73.85,3,3.62,1,0
CUST-00941,2025-07-15,Consumer,58,73.85,2,3.96,2,0
CUST-00941,2025-10-15,Consumer,61,73.85,3,3.56,2,0
CUST-00942,2025-01-15,SMB,68,109.5,0,6.35,6,0
CUST-00942,2025-04-15,SMB,71,109.5,1,5.74,6,0
CUST-00942,2025-07-15,SMB,74,109.5,1,5.22,6,0
CUST-00942,2025-10-15,SMB,77,109.5,1,5.06,6,0
CUST-00943,2025-01-15,Consumer,55,92.03,5,9.64,1,0
CUST-00943,2025-04-15,Consumer,58,92.03,6,9.85,1,0
CUST-00943,2025-07-15,Consumer,61,92.03,4,9.99,2,0
CUST-00943,2025-10-15,Consumer,64,92.03,4,9.88,2,1
CUST-00944,2025-01-15,Consumer,14,67.56,5,8.83,4,0
CUST-00944,2025-04-15,Consumer,17,67.56,6,9.02,5,0
CUST-00944,2025-07-15,Consumer,20,67.56,4,8.96,5,0
CUST-00944,2025-10-15,Consumer,23,67.56,4,8.71,6,0
CUST-00945,2025-01-15,Consumer,60,63.35,4,6.07,0,0
CUST-00945,2025-04-15,Consumer,63,63.35,3,6.02,0,0
CUST-00945,2025-07-15,Consumer,66,63.35,1,5.38,0,0
CUST-00945,2025-10-15,Consumer,69,63.35,3,4.0,0,0
CUST-00946,2025-01-15,Consumer,8,43.81,2,5.79,1,0
CUST-00946,2025-04-15,Consumer,11,43.81,2,5.79,1,0
CUST-00946,2025-07-15,Consumer,14,43.81,2,5.89,1,0
CUST-00946,2025-10-15,Consumer,17,43.81,3,5.53,1,0
CUST-00947,2025-01-15,SMB,43,92.27,0,8.07,2,0
CUST-00947,2025-04-15,SMB,46,92.27,0,8.08,2,0
CUST-00947,2025-07-15,SMB,49,92.27,0,8.26,3,0
CUST-00947,2025-10-15,SMB,52,92.27,0,8.13,3,0
CUST-00948,2025-01-15,Enterprise,36,76.14,1,3.48,0,0
CUST-00948,2025-04-15,Enterprise,39,76.14,2,3.92,0,0
CUST-00948,2025-07-15,Enterprise,42,76.14,1,4.21,1,0
CUST-00948,2025-10-15,Enterprise,45,76.14,1,4.13,2,0
CUST-00949,2025-01-15,Enterprise,39,25.7,5,8.65,1,0
CUST-00949,2025-04-15,Enterprise,42,25.7,6,8.18,1,0
CUST-00949,2025-07-15,Enterprise,45,25.7,5,7.81,1,0
CUST-00949,2025-10-15,Enterprise,48,25.7,6,7.47,2,0
CUST-00950,2025-01-15,Consumer,38,71.61,2,7.46,2,0
CUST-00950,2025-04-15,Consumer,41,71.61,2,7.95,3,0
CUST-00950,2025-07-15,Consumer,44,71.61,5,8.4,3,0
CUST-00950,2025-10-15,Consumer,47,71.61,5,7.86,3,0
CUST-00951,2025-01-15,Consumer,3,62.47,5,10.0,2,0
CUST-00951,2025-04-15,Consumer,6,62.47,6,9.78,2,0
CUST-00951,2025-07-15,Consumer,9,62.47,6,9.65,2,0
CUST-00951,2025-10-15,Consumer,12,62.47,6,9.55,2,0
CUST-00952,2025-01-15,Consumer,37,124.39,3,5.11,1,0
CUST-00952,2025-04-15,Consumer,40,124.39,5,4.61,1,0
CUST-00952,2025-07-15,Consumer,43,124.39,4,4.32,1,0
CUST-00952,2025-10-15,Consumer,46,124.39,5,4.17,2,0
CUST-00953,2025-01-15,Consumer,68,42.43,5,8.09,2,0
CUST-00953,2025-04-15,Consumer,71,42.43,3,7.99,2,0
CUST-00953,2025-07-15,Consumer,74,42.43,4,8.18,2,0
CUST-00953,2025-10-15,Consumer,77,42.43,6,7.65,3,0
CUST-00954,2025-01-15,Consumer,32,48.97,2,6.57,0,0
CUST-00954,2025-04-15,Consumer,35,48.97,2,6.5,0,0
CUST-00954,2025-07-15,Consumer,38,48.97,3,6.06,0,0
CUST-00954,2025-10-15,Consumer,41,48.97,3,5.53,0,0
CUST-00955,2025-01-15,Enterprise,20,112.75,1,6.81,1,0
CUST-00955,2025-04-15,Enterprise,23,112.75,0,6.18,2,0
CUST-00955,2025-07-15,Enterprise,26,112.75,4,6.49,2,0
CUST-00955,2025-10-15,Enterprise,29,112.75,3,5.81,2,1
CUST-00956,2025-01-15,Enterprise,72,118.92,2,5.67,0,0
CUST-00956,2025-04-15,Enterprise,75,118.92,1,6.61,1,0
CUST-00956,2025-07-15,Enterprise,78,118.92,2,6.43,2,0
CUST-00956,2025-10-15,Enterprise,81,118.92,2,5.94,2,0
CUST-00957,2025-01-15,SMB,8,66.38,1,7.86,0,0
CUST-00957,2025-04-15,SMB,11,66.38,0,8.07,0,0
CUST-00957,2025-07-15,SMB,14,66.38,0,8.46,1,0
CUST-00957,2025-10-15,SMB,17,66.38,0,8.04,1,0
CUST-00958,2025-01-15,Consumer,36,69.2,4,8.74,2,0
CUST-00958,2025-04-15,Consumer,39,69.2,4,8.63,3,0
CUST-00958,2025-07-15,Consumer,42,69.2,4,8.45,3,0
CUST-00958,2025-10-15,Consumer,45,69.2,6,8.55,3,0
CUST-00959,2025-01-15,Consumer,37,100.41,5,9.65,3,0
CUST-00959,2025-04-15,Consumer,40,100.41,5,9.15,3,0
CUST-00959,2025-07-15,Consumer,43,100.41,3,8.77,3,0
CUST-00959,2025-10-15,Consumer,46,100.41,5,8.23,4,0
CUST-00960,2025-01-15,Consumer,35,26.82,5,7.72,1,0
CUST-00960,2025-04-15,Consumer,38,26.82,1,7.33,1,0
CUST-00960,2025-07-15,Consumer,41,26.82,3,7.3,1,0
CUST-00960,2025-10-15,Consumer,44,26.82,2,7.0,1,0
CUST-00961,2025-01-15,Consumer,67,38.47,4,6.48,0,0
CUST-00961,2025-04-15,Consumer,70,38.47,2,6.53,0,0
CUST-00961,2025-07-15,Consumer,73,38.47,2,6.51,0,0
CUST-00961,2025-10-15,Consumer,76,38.47,3,6.21,0,0
CUST-00962,2025-01-15,Consumer,31,77.98,8,5.68,2,0
CUST-00962,2025-04-15,Consumer,34,77.98,5,5.72,2,0
CUST-00962,2025-07-15,Consumer,37,77.98,6,5.52,2,0
CUST-00962,2025-10-15,Consumer,40,77.98,6,5.51,3,0
CUST-00963,2025-01-15,Consumer,71,123.75,6,5.09,1,0
CUST-00963,2025-04-15,Consumer,74,123.75,6,4.83,1,0
CUST-00963,2025-07-15,Consumer,77,123.75,8,4.78,1,0
CUST-00963,2025-10-15,Consumer,80,123.75,8,4.51,1,0
CUST-00964,2025-01-15,Consumer,5,74.11,1,8.82,2,0
CUST-00964,2025-04-15,Consumer,8,74.11,2,9.29,2,0
CUST-00964,2025-07-15,Consumer,11,74.11,3,9.95,2,1
CUST-00965,2025-01-15,Enterprise,53,87.52,5,5.77,2,0
CUST-00965,2025-04-15,Enterprise,56,87.52,4,6.41,3,0
CUST-00965,2025-07-15,Enterprise,59,87.52,3,6.45,3,0
CUST-00965,2025-10-15,Enterprise,62,87.52,3,6.44,3,0
CUST-00966,2025-01-15,Consumer,43,113.34,5,10.0,1,0
CUST-00966,2025-04-15,Consumer,46,113.34,5,10.0,1,0
CUST-00966,2025-07-15,Consumer,49,113.34,6,10.0,1,0
CUST-00966,2025-10-15,Consumer,52,113.34,6,10.0,1,0
CUST-00967,2025-01-15,Enterprise,18,137.67,2,7.68,2,0
CUST-00967,2025-04-15,Enterprise,21,137.67,0,7.87,3,0
CUST-00967,2025-07-15,Enterprise,24,137.67,1,8.46,3,0
CUST-00967,2025-10-15,Enterprise,27,137.67,1,8.55,3,0
CUST-00968,2025-01-15,Consumer,17,70.58,1,8.55,3,0
CUST-00968,2025-04-15,Consumer,20,70.58,1,7.97,3,0
CUST-00968,2025-07-15,Consumer,23,70.58,2,7.84,3,1
CUST-00969,2025-01-15,SMB,52,84.58,3,6.43,1,0
CUST-00969,2025-04-15,SMB,55,84.58,5,6.8,1,0
CUST-00969,2025-07-15,SMB,58,84.58,6,6.74,2,0
CUST-00969,2025-10-15,SMB,61,84.58,4,6.52,3,0
CUST-00970,2025-01-15,Consumer,46,130.55,2,8.36,1,0
CUST-00970,2025-04-15,Consumer,49,130.55,2,8.91,1,0
CUST-00970,2025-07-15,Consumer,52,130.55,2,8.68,1,0
CUST-00970,2025-10-15,Consumer,55,130.55,0,8.26,2,0
CUST-00971,2025-01-15,Consumer,45,46.95,4,7.38,3,0
CUST-00971,2025-04-15,Consumer,48,46.95,4,7.66,3,0
CUST-00971,2025-07-15,Consumer,51,46.95,4,7.52,3,0
CUST-00971,2025-10-15,Consumer,54,46.95,4,8.05,4,0
CUST-00972,2025-01-15,Consumer,4,110.69,0,6.49,3,0
CUST-00972,2025-04-15,Consumer,7,110.69,2,5.86,3,0
CUST-00972,2025-07-15,Consumer,10,110.69,2,6.08,3,0
CUST-00972,2025-10-15,Consumer,13,110.69,1,6.32,3,0
CUST-00973,2025-01-15,Consumer,44,59.54,5,8.57,2,0
CUST-00973,2025-04-15,Consumer,47,59.54,3,8.51,2,0
CUST-00973,2025-07-15,Consumer,50,59.54,4,8.61,2,0
CUST-00973,2025-10-15,Consumer,53,59.54,2,8.18,3,0
CUST-00974,2025-01-15,Enterprise,71,87.56,3,7.68,1,0
CUST-00974,2025-04-15,Enterprise,74,87.56,1,7.76,1,0
CUST-00974,2025-07-15,Enterprise,77,87.56,1,7.9,1,0
CUST-00974,2025-10-15,Enterprise,80,87.56,2,8.0,2,0
CUST-00975,2025-01-15,Consumer,2,78.93,3,6.09,1,0
CUST-00975,2025-04-15,Consumer,5,78.93,4,5.99,1,0
CUST-00975,2025-07-15,Consumer,8,78.93,2,6.2,2,0
CUST-00975,2025-10-15,Consumer,11,78.93,2,5.58,2,0
CUST-00976,2025-01-15,SMB,34,61.05,2,8.0,2,0
CUST-00976,2025-04-15,SMB,37,61.05,2,8.34,2,0
CUST-00976,2025-07-15,SMB,40,61.05,5,7.79,2,0
CUST-00976,2025-10-15,SMB,43,61.05,4,7.69,2,0
CUST-00977,2025-01-15,Consumer,36,60.42,1,7.31,0,0
CUST-00977,2025-04-15,Consumer,39,60.42,4,7.81,0,0
CUST-00977,2025-07-15,Consumer,42,60.42,1,8.43,0,0
CUST-00977,2025-10-15,Consumer,45,60.42,3,8.03,1,0
CUST-00978,2025-01-15,Consumer,65,91.91,4,7.61,2,0
CUST-00978,2025-04-15,Consumer,68,91.91,6,7.57,3,0
CUST-00978,2025-07-15,Consumer,71,91.91,4,8.06,3,0
CUST-00978,2025-10-15,Consumer,74,91.91,6,7.48,3,0
CUST-00979,2025-01-15,Consumer,21,109.89,2,6.61,1,0
CUST-00979,2025-04-15,Consumer,24,109.89,0,6.27,1,1
CUST-00980,2025-01-15,Consumer,35,81.76,3,4.81,2,0
CUST-00980,2025-04-15,Consumer,38,81.76,2,4.46,3,0
CUST-00980,2025-07-15,Consumer,41,81.76,3,4.62,4,0
CUST-00980,2025-10-15,Consumer,44,81.76,4,4.3,4,0
CUST-00981,2025-01-15,Enterprise,52,86.75,2,9.73,1,0
CUST-00981,2025-04-15,Enterprise,55,86.75,2,9.45,1,0
CUST-00981,2025-07-15,Enterprise,58,86.75,0,9.72,1,0
CUST-00981,2025-10-15,Enterprise,61,86.75,1,9.47,1,0
CUST-00982,2025-01-15,SMB,5,99.28,3,9.57,2,0
CUST-00982,2025-04-15,SMB,8,99.28,4,9.38,2,0
CUST-00982,2025-07-15,SMB,11,99.28,3,9.38,2,0
CUST-00982,2025-10-15,SMB,14,99.28,4,9.33,2,0
CUST-00983,2025-01-15,SMB,58,60.71,1,8.57,2,0
CUST-00983,2025-04-15,SMB,61,60.71,1,9.06,3,0
CUST-00983,2025-07-15,SMB,64,60.71,3,9.19,3,0
CUST-00983,2025-10-15,SMB,67,60.71,3,8.66,3,0
CUST-00984,2025-01-15,Consumer,60,103.49,6,5.84,0,0
CUST-00984,2025-04-15,Consumer,63,103.49,8,5.44,0,0
CUST-00984,2025-07-15,Consumer,66,103.49,8,5.08,0,0
CUST-00984,2025-10-15,Consumer,69,103.49,6,4.61,1,0
CUST-00985,2025-01-15,Consumer,52,105.48,1,6.26,1,0
CUST-00985,2025-04-15,Consumer,55,105.48,2,6.36,1,0
CUST-00985,2025-07-15,Consumer,58,105.48,1,6.61,2,0
CUST-00985,2025-10-15,Consumer,61,105.48,0,6.18,2,0
CUST-00986,2025-01-15,Enterprise,47,150.09,1,9.12,3,0
CUST-00986,2025-04-15,Enterprise,50,150.09,2,9.14,3,0
CUST-00986,2025-07-15,Enterprise,53,150.09,3,9.47,3,0
CUST-00986,2025-10-15,Enterprise,56,150.09,1,8.9,3,0
CUST-00987,2025-01-15,Consumer,54,75.6,3,7.04,2,0
CUST-00987,2025-04-15,Consumer,57,75.6,1,7.6,2,0
CUST-00987,2025-07-15,Consumer,60,75.6,1,7.58,3,0
CUST-00987,2025-10-15,Consumer,63,75.6,0,7.11,3,0
CUST-00988,2025-01-15,Consumer,57,73.55,3,5.92,1,0
CUST-00988,2025-04-15,Consumer,60,73.55,2,6.09,1,0
CUST-00988,2025-07-15,Consumer,63,73.55,2,6.36,1,0
CUST-00988,2025-10-15,Consumer,66,73.55,1,5.88,1,0
CUST-00989,2025-01-15,Consumer,66,104.22,2,9.81,1,0
CUST-00989,2025-04-15,Consumer,69,104.22,1,9.62,2,0
CUST-00989,2025-07-15,Consumer,72,104.22,1,10.0,2,0
CUST-00989,2025-10-15,Consumer,75,104.22,2,9.56,2,0
CUST-00990,2025-01-15,SMB,31,105.48,6,7.05,4,0
CUST-00990,2025-04-15,SMB,34,105.48,4,7.54,4,0
CUST-00990,2025-07-15,SMB,37,105.48,4,7.22,4,0
CUST-00990,2025-10-15,SMB,40,105.48,4,7.77,4,0
CUST-00991,2025-01-15,SMB,33,71.62,1,9.81,2,0
CUST-00991,2025-04-15,SMB,36,71.62,1,10.0,2,0
CUST-00991,2025-07-15,SMB,39,71.62,1,10.0,2,0
CUST-00991,2025-10-15,SMB,42,71.62,1,9.77,2,0
CUST-00992,2025-01-15,SMB,46,74.92,2,5.11,1,0
CUST-00992,2025-04-15,SMB,49,74.92,4,5.4,1,0
CUST-00992,2025-07-15,SMB,52,74.92,3,4.73,2,0
CUST-00992,2025-10-15,SMB,55,74.92,1,4.6,2,0
CUST-00993,2025-01-15,SMB,14,98.53,3,8.26,0,0
CUST-00993,2025-04-15,SMB,17,98.53,5,8.54,0,0
CUST-00993,2025-07-15,SMB,20,98.53,4,8.33,0,0
CUST-00993,2025-10-15,SMB,23,98.53,4,8.97,1,1
CUST-00994,2025-01-15,Consumer,62,64.31,3,9.49,2,0
CUST-00994,2025-04-15,Consumer,65,64.31,2,9.13,3,0
CUST-00994,2025-07-15,Consumer,68,64.31,2,9.52,4,0
CUST-00994,2025-10-15,Consumer,71,64.31,1,9.88,4,0
CUST-00995,2025-01-15,Enterprise,56,74.74,0,7.28,2,0
CUST-00995,2025-04-15,Enterprise,59,74.74,0,7.39,2,0
CUST-00995,2025-07-15,Enterprise,62,74.74,2,6.93,2,0
CUST-00995,2025-10-15,Enterprise,65,74.74,2,6.81,3,0
CUST-00996,2025-01-15,Consumer,46,87.24,1,6.19,1,0
CUST-00996,2025-04-15,Consumer,49,87.24,3,6.02,2,0
CUST-00996,2025-07-15,Consumer,52,87.24,1,5.96,2,0
CUST-00996,2025-10-15,Consumer,55,87.24,0,6.05,2,0
CUST-00997,2025-01-15,SMB,22,109.9,2,5.04,3,1
CUST-00998,2025-01-15,Consumer,26,69.89,3,8.42,1,0
CUST-00998,2025-04-15,Consumer,29,69.89,3,8.23,1,0
CUST-00998,2025-07-15,Consumer,32,69.89,3,8.1,1,0
CUST-00998,2025-10-15,Consumer,35,69.89,3,8.22,2,0
CUST-00999,2025-01-15,Enterprise,32,38.94,3,5.57,1,0
CUST-00999,2025-04-15,Enterprise,35,38.94,2,5.53,2,0
CUST-00999,2025-07-15,Enterprise,38,38.94,3,5.37,2,0
CUST-00999,2025-10-15,Enterprise,41,38.94,4,4.9,2,0
CUST-01000,2025-01-15,Consumer,48,37.09,0,7.2,2,0
CUST-01000,2025-04-15,Consumer,51,37.09,1,7.51,3,0
CUST-01000,2025-07-15,Consumer,54,37.09,0,7.4,3,0
CUST-01000,2025-10-15,Consumer,57,37.09,1,6.91,3,0
